date,datetime,open,high,low,close,volume,trades
1/1/2018 19:00,1.51485E+12,13382.16,15473.49,12890.02,14675.11,20078.09211,177728
1/2/2018 19:00,1.51494E+12,14690,15307.56,14150,14919.51,15905.66764,162787
1/3/2018 19:00,1.51502E+12,14919.51,15280,13918.04,15059.54,21329.64957,170310
1/4/2018 19:00,1.51511E+12,15059.56,17176.24,14600,16960.39,23251.49113,192969
1/5/2018 19:00,1.5152E+12,16960.39,17143.13,16011.21,17069.79,18571.45751,158242
1/6/2018 19:00,1.51528E+12,17069.79,17099.96,15610,16150.03,12493.12556,120269
1/7/2018 19:00,1.51537E+12,16218.85,16322.3,12812,14902.54,26600.60991,208642
1/8/2018 19:00,1.51546E+12,14902.54,15500,14011.05,14400,14315.00425,156656
1/9/2018 19:00,1.51554E+12,14401,14955.66,13131.31,14907.09,17411.00166,161476
1/10/2018 19:00,1.51563E+12,14940,14968.68,11400,13238.78,33554.72375,239416
1/11/2018 19:00,1.51572E+12,13238.76,14109.78,12500,13740.01,16417.16214,134452
1/12/2018 19:00,1.5158E+12,13749.95,14580,13706.15,14210,12221.50853,123639
1/13/2018 19:00,1.51589E+12,14210,14339.5,12569.2,13474.99,17017.89433,152364
1/14/2018 19:00,1.51597E+12,13477.98,14249.99,13147.79,13539.93,14652.09471,145362
1/15/2018 19:00,1.51606E+12,13500,13542.93,9035,10900,63401.16918,418243
1/16/2018 19:00,1.51615E+12,10899.99,11680.99,9037.94,10988.79,72331.79665,517293
1/17/2018 19:00,1.51623E+12,10972.59,11878.82,10435.33,10961.97,48464.43494,393112
1/18/2018 19:00,1.51632E+12,10960,11795,10360,11474.98,34129.37542,273271
1/19/2018 19:00,1.51641E+12,11474.98,13099,11412.45,12799.94,28768.85783,251647
1/20/2018 19:00,1.51649E+12,12799.8,12799.8,10965,11530,41379.77343,360207
1/21/2018 19:00,1.51658E+12,11530,11926.35,9900.24,10760.05,43752.60679,363264
1/22/2018 19:00,1.51667E+12,10760.05,11399,9905,10799.18,37473.92255,355286
1/23/2018 19:00,1.51675E+12,10799.14,11570.48,10500,11349.99,27158.58776,293429
1/24/2018 19:00,1.51684E+12,11349.96,11794.05,10950.21,11175.27,20839.95418,221040
1/25/2018 19:00,1.51692E+12,11184.7,11643,10311.15,11089,33056.87196,314720
1/26/2018 19:00,1.51701E+12,11089,11650,10842.69,11491,18860.76835,207478
1/27/2018 19:00,1.5171E+12,11499.98,12244,11408,11879.95,16887.33952,206247
1/28/2018 19:00,1.51718E+12,11879.95,11975.02,11139.55,11251,14170.37754,169199
1/29/2018 19:00,1.51727E+12,11250.11,11308.42,9900,10237.51,25554.37295,259212
1/30/2018 19:00,1.51736E+12,10230,10425.85,9700,10285.1,18015.95681,201422
1/31/2018 19:00,1.51744E+12,10285.1,10335,8750.99,9224.52,33564.76431,316020
2/1/2018 19:00,1.51753E+12,9224.52,9250,8010.02,8873.03,49971.62698,453411
2/2/2018 19:00,1.51762E+12,8873.03,9473.01,8229,9199.96,28725.00074,327519
2/3/2018 19:00,1.5177E+12,9199.96,9368,7930,8184.81,32014.30845,356134
2/4/2018 19:00,1.51779E+12,8179.99,8382.8,6625,6939.99,63403.18258,533510
2/5/2018 19:00,1.51788E+12,6939.63,7878,6000.01,7652.14,100201.5003,785996
2/6/2018 19:00,1.51796E+12,7655.02,8476,7150.01,7599,60778.4605,514893
2/7/2018 19:00,1.51805E+12,7599,7844,7572.09,7784.02,1521.537318,12417
2/8/2018 19:00,1.51813E+12,7789.9,8738,7789.9,8683.92,20482.91083,273091
2/9/2018 19:00,1.51822E+12,8683.93,9065.78,8120,8533.98,49381.51265,537578
2/10/2018 19:00,1.51831E+12,8533.99,8549,7726.53,8063.88,45025.18795,524626
2/11/2018 19:00,1.51839E+12,8063.82,8989,8053,8903,41987.85049,477660
2/12/2018 19:00,1.51848E+12,8903,8950,8351,8539.9,35454.97296,401893
2/13/2018 19:00,1.51857E+12,8535.17,9489.6,8533,9449.99,40811.95287,514897
2/14/2018 19:00,1.51865E+12,9449.98,10219.5,9301.5,10000.09,52427.59672,608349
2/15/2018 19:00,1.51874E+12,10000.89,10323.37,9666,10159.98,38161.20597,405310
2/16/2018 19:00,1.51883E+12,10156.07,11075.07,10050,11039.55,41882.10841,413585
2/17/2018 19:00,1.51891E+12,11039.55,11274,10080,10383.43,61137.38073,537534
2/18/2018 19:00,1.519E+12,10375.01,11250,10270.33,11153,40831.41713,366882
2/19/2018 19:00,1.51908E+12,11147.11,11786.01,11100.59,11200.99,48153.35429,432197
2/20/2018 19:00,1.51917E+12,11195.07,11304.03,10200,10437.6,68113.81875,542340
2/21/2018 19:00,1.51926E+12,10439.02,10933.44,9679,9811.04,67060.16648,506273
2/22/2018 19:00,1.51934E+12,9815.55,10435,9570.19,10131.04,57202.70237,467480
2/23/2018 19:00,1.51943E+12,10131.04,10496.97,9352,9694.51,40888.1563,337918
2/24/2018 19:00,1.51952E+12,9694.51,9847,9274.8,9590,28373.51759,233567
2/25/2018 19:00,1.5196E+12,9590,10444.32,9350,10324,34878.29276,285276
2/26/2018 19:00,1.51969E+12,10321,10870,10121,10569.04,30705.38512,240542
2/27/2018 19:00,1.51978E+12,10584.33,11098,10300,10326.76,30800.98378,277886
2/28/2018 19:00,1.51986E+12,10325.64,11060.41,10240,10920,25092.55393,230428
3/1/2018 19:00,1.51995E+12,10923.36,11200,10770,11039,23910.71009,211691
3/2/2018 19:00,1.52004E+12,11038.99,11544,11015.01,11464.48,21287.15328,190444
3/3/2018 19:00,1.52012E+12,11464.47,11565,11050.02,11515,17295.91865,168359
3/4/2018 19:00,1.52021E+12,11515,11710,11415.01,11454,15144.23106,164318
3/5/2018 19:00,1.52029E+12,11455,11455,10555.48,10716.48,29515.57236,250306
3/6/2018 19:00,1.52038E+12,10716.48,10899,9389.31,9910,50647.67108,396721
3/7/2018 19:00,1.52047E+12,9910,10099,9060,9271.64,41109.47323,336514
3/8/2018 19:00,1.52055E+12,9267.07,9410,8329,9227,64112.29141,462712
3/9/2018 19:00,1.52064E+12,9230,9490,8667.07,8770.22,37180.01286,288066
3/10/2018 19:00,1.52073E+12,8770.22,9740,8450,9533.57,44325.97339,333367
3/11/2018 19:00,1.52081E+12,9533.57,9888.88,8780,9131.34,42230.77793,336642
3/12/2018 19:00,1.5209E+12,9131.34,9474,8823,9150,40191.40936,342734
3/13/2018 19:00,1.52099E+12,9151.92,9333.78,7900.28,8170,49708.09411,399127
3/14/2018 19:00,1.52107E+12,8184.01,8430,7650,8240.98,52291.02228,400529
3/15/2018 19:00,1.52116E+12,8240.98,8611.64,7900,8260,38815.40989,255807
3/16/2018 19:00,1.52124E+12,8260,8348.62,7721.99,7824.8,33110.20633,292041
3/17/2018 19:00,1.52133E+12,7824.01,8317.4,7322,8189.99,59488.23171,423336
3/18/2018 19:00,1.52142E+12,8189,8705.23,8088.4,8600,55297.08494,360414
3/19/2018 19:00,1.5215E+12,8595.01,9050,8280,8909.98,44865.10584,298261
3/20/2018 19:00,1.52159E+12,8909.96,9177.01,8750.6,8885,39972.40537,293696
3/21/2018 19:00,1.52168E+12,8884.82,9100,8465.1,8722.9,40617.55681,276449
3/22/2018 19:00,1.52176E+12,8720,8909,8269,8898.03,39991.00767,278571
3/23/2018 19:00,1.52185E+12,8898.04,8999.95,8491,8546.86,35466.60957,270300
3/24/2018 19:00,1.52194E+12,8531.25,8669.85,8365.77,8470.15,29001.76932,215660
3/25/2018 19:00,1.52202E+12,8470.14,8514.89,7831,8134.23,44033.59566,310462
3/26/2018 19:00,1.52211E+12,8134.22,8215.94,7730,7795.51,37427.64805,266540
3/27/2018 19:00,1.5222E+12,7795.51,8109,7728,7949.3,26401.33167,183620
3/28/2018 19:00,1.52228E+12,7949.3,7975,6941.11,7090.14,54620.91513,359537
3/29/2018 19:00,1.52237E+12,7090.16,7292.43,6600.1,6840.23,65306.03198,400057
3/30/2018 19:00,1.52245E+12,6840.24,7223.36,6777,6923.91,36868.53909,240293
3/31/2018 19:00,1.52254E+12,6922,7049.98,6430,6813.01,44071.43046,260942
4/1/2018 19:00,1.52263E+12,6813.01,7125,6765,7056,32123.56007,206780
4/2/2018 19:00,1.52271E+12,7063.97,7520,7011.01,7405.21,37787.33181,248143
4/3/2018 19:00,1.5228E+12,7405.21,7427.52,6707,6796.1,42227.1838,277249
4/4/2018 19:00,1.52289E+12,6796.1,6902,6566.69,6770.76,39029.73146,238476
4/5/2018 19:00,1.52297E+12,6770,6850,6500,6601.39,27455.01192,162456
4/6/2018 19:00,1.52306E+12,6601.39,7070,6586.28,6895.8,32269.57827,178577
4/7/2018 19:00,1.52315E+12,6895.81,7109.13,6880,7018,21427.67317,152461
4/8/2018 19:00,1.52323E+12,7011.04,7185,6611,6782.72,34078.29721,212669
4/9/2018 19:00,1.52332E+12,6781.55,6890,6656,6843.9,22326.7281,147755
4/10/2018 19:00,1.5234E+12,6839.56,6990,6787,6953.79,23997.87118,155607
4/11/2018 19:00,1.52349E+12,6953.78,8012.23,6743.2,7923,64861.59599,404588
4/12/2018 19:00,1.52358E+12,7922.99,8233.39,7732,7877.41,55044.52315,351905
4/13/2018 19:00,1.52366E+12,7877.48,8186,7810,7999.01,31621.28636,194500
4/14/2018 19:00,1.52375E+12,8004,8429.54,7999.02,8355,27946.72044,181778
4/15/2018 19:00,1.52384E+12,8355.07,8419,7867,8064.92,36664.06972,226748
4/16/2018 19:00,1.52392E+12,8064.92,8173.7,7825.4,7885.02,32152.60357,221228
4/17/2018 19:00,1.52401E+12,7890.96,8236.43,7868,8173,26969.04457,183472
4/18/2018 19:00,1.5241E+12,8173.99,8296,8080,8278,27113.84746,196821
4/19/2018 19:00,1.52418E+12,8273.84,8930,8177.09,8856.98,39795.33749,289687
4/20/2018 19:00,1.52427E+12,8852.12,9035,8565,8915.31,40872.22991,295374
4/21/2018 19:00,1.52436E+12,8915.31,9020.67,8727.68,8787.02,29458.25348,229871
4/22/2018 19:00,1.52444E+12,8785.7,8985,8745,8934.01,25838.11471,190944
4/23/2018 19:00,1.52453E+12,8934,9731.01,8922,9619.99,46268.79011,326608
4/24/2018 19:00,1.52461E+12,9618.96,9759.82,8730,8869.99,81110.03759,477363
4/25/2018 19:00,1.5247E+12,8869.99,9307.48,8651.62,9266,43300.30425,285850
4/26/2018 19:00,1.52479E+12,9267.03,9395,8889,8915.35,37241.34704,268471
4/27/2018 19:00,1.52487E+12,8915.35,9427.48,8870,9348,34759.62842,257288
4/28/2018 19:00,1.52496E+12,9348,9570.51,9163.74,9419,38149.85004,311494
4/29/2018 19:00,1.52505E+12,9417.04,9458.64,9124.99,9246.01,35002.03388,285951
4/30/2018 19:00,1.52513E+12,9246.01,9248.99,8800.49,9071.48,41018.46363,268741
5/1/2018 19:00,1.52522E+12,9071.48,9268,8970.2,9247.84,26123.54396,188258
5/2/2018 19:00,1.52531E+12,9247.81,9844,9168.4,9750,38768.38829,282581
5/3/2018 19:00,1.52539E+12,9750,9830.04,9520.85,9713.99,28681.58888,210165
5/4/2018 19:00,1.52548E+12,9714,10020,9682,9864,24990.01835,212076
5/5/2018 19:00,1.52556E+12,9863.99,9970,9417.03,9659.01,27690.35156,229309
5/6/2018 19:00,1.52565E+12,9661.02,9689.67,9181,9365,33787.64001,230754
5/7/2018 19:00,1.52574E+12,9365,9475.7,9060.54,9187.56,25533.83189,189159
5/8/2018 19:00,1.52582E+12,9178,9390,8965,9310,25673.5249,192337
5/9/2018 19:00,1.52591E+12,9310,9395.12,8970,9002.2,25055.06372,221075
5/10/2018 19:00,1.526E+12,9002.21,9016.8,8341,8400,48227.04806,365538
5/11/2018 19:00,1.52608E+12,8405.94,8646.88,8153,8465.94,40241.32081,310305
5/12/2018 19:00,1.52617E+12,8475.44,8763.36,8298,8679.71,25632.86936,215590
5/13/2018 19:00,1.52626E+12,8679.71,8879.99,8277,8663.34,37389.66653,292731
5/14/2018 19:00,1.52634E+12,8663.37,8859.99,8401.3,8462,28126.95614,360379
5/15/2018 19:00,1.52643E+12,8462,8488,8083.01,8330,31130.71891,300842
5/16/2018 19:00,1.52652E+12,8330,8464,7979,8041.46,25439.8448,310780
5/17/2018 19:00,1.5266E+12,8038.82,8273.21,7911.9,8239.81,23476.15825,183913
5/18/2018 19:00,1.52669E+12,8238.01,8390.8,8095.73,8233.49,17193.42428,134185
5/19/2018 19:00,1.52677E+12,8233.49,8609,8163.9,8526.98,19957.05711,161265
5/20/2018 19:00,1.52686E+12,8526.97,8595.31,8305,8381.24,21516.59649,184158
5/21/2018 19:00,1.52695E+12,8386.89,8400.18,7935.11,7977.11,23710.90286,192154
5/22/2018 19:00,1.52703E+12,7977.12,8031.9,7425,7501.95,42910.66677,306812
5/23/2018 19:00,1.52712E+12,7501.95,7730.73,7266.99,7575.01,37845.4466,253694
5/24/2018 19:00,1.52721E+12,7578.99,7649.55,7308.15,7457,26739.95664,239025
5/25/2018 19:00,1.52729E+12,7456.99,7620,7300,7333.96,19464.08607,212344
5/26/2018 19:00,1.52738E+12,7334,7400,7231.11,7338.99,18706.94552,198341
5/27/2018 19:00,1.52747E+12,7338.99,7437,7058.02,7099,27219.43896,233392
5/28/2018 19:00,1.52755E+12,7099,7540,7032.95,7461.29,39407.21183,237359
5/29/2018 19:00,1.52764E+12,7467.98,7569,7260.5,7375.96,32041.58362,242079
5/30/2018 19:00,1.52772E+12,7382.07,7699,7327.51,7485.01,30776.0631,274399
5/31/2018 19:00,1.52781E+12,7485.01,7608.55,7355.54,7521.01,28259.12408,303069
6/1/2018 19:00,1.5279E+12,7521.01,7697.33,7437,7640.03,26720.69022,290131
6/2/2018 19:00,1.52798E+12,7636.81,7786.69,7600,7714.26,27505.15895,349636
6/3/2018 19:00,1.52807E+12,7714.26,7760.52,7446.5,7487,32258.83512,307003
6/4/2018 19:00,1.52816E+12,7487,7679.49,7358,7625,31722.97338,236865
6/5/2018 19:00,1.52824E+12,7626.64,7699,7467.05,7658.84,27229.9919,257573
6/6/2018 19:00,1.52833E+12,7658.79,7765,7620,7691.08,25062.2272,244186
6/7/2018 19:00,1.52842E+12,7691.08,7703.5,7531,7603.44,23396.80467,321734
6/8/2018 19:00,1.5285E+12,7603.44,7683.98,7450,7491.73,19339.88518,278971
6/9/2018 19:00,1.52859E+12,7491.73,7491.73,6622.81,6764.99,52342.02003,471088
6/10/2018 19:00,1.52868E+12,6765,6922,6610,6872,34552.1623,203442
6/11/2018 19:00,1.52876E+12,6872,6890.51,6435,6530,36722.21119,224658
6/12/2018 19:00,1.52885E+12,6530,6627.6,6118.68,6292.78,46185.5181,266517
6/13/2018 19:00,1.52893E+12,6292.78,6720,6260,6635.98,44478.13084,256384
6/14/2018 19:00,1.52902E+12,6638.67,6666.66,6362.31,6388.9,30018.32991,184938
6/15/2018 19:00,1.52911E+12,6380.01,6560,6320.86,6483.98,22277.24115,140470
6/16/2018 19:00,1.52919E+12,6482.5,6589.03,6422,6449.61,19847.24769,129759
6/17/2018 19:00,1.52928E+12,6444.06,6794.38,6380,6712.46,31821.435,180773
6/18/2018 19:00,1.52937E+12,6711.39,6841.74,6653,6741.21,24311.42114,160490
6/19/2018 19:00,1.52945E+12,6740,6817.23,6551.81,6761.51,26359.75245,166074
6/20/2018 19:00,1.52954E+12,6763.21,6795,6672.57,6718.84,25428.85405,159783
6/21/2018 19:00,1.52963E+12,6717.69,6733.97,5918.94,6045,52157.37083,300515
6/22/2018 19:00,1.52971E+12,6045.92,6260,6008.48,6149.98,26622.78859,170164
6/23/2018 19:00,1.5298E+12,6149.98,6259.8,5750,6136.97,47445.99896,275996
6/24/2018 19:00,1.52988E+12,6137.95,6350,6061.97,6252,39164.51531,218384
6/25/2018 19:00,1.52997E+12,6252,6272.54,6035,6070.78,19377.24048,113431
6/26/2018 19:00,1.53006E+12,6065.89,6190.43,5971,6133.73,19225.6711,99481
6/27/2018 19:00,1.53014E+12,6134.73,6173.01,5827,5853.98,30585.26603,156241
6/28/2018 19:00,1.53023E+12,5851.01,6300,5780,6197.92,33911.28728,212542
6/29/2018 19:00,1.53032E+12,6197.92,6528.99,6186.03,6390.07,37919.61284,230915
6/30/2018 19:00,1.5304E+12,6391.08,6441.06,6251,6356.81,27562.96597,183060
7/1/2018 19:00,1.53049E+12,6360.82,6685,6271.62,6615.29,36230.45226,242589
7/2/2018 19:00,1.53058E+12,6615.29,6679.35,6463.01,6513.86,38657.78169,232914
7/3/2018 19:00,1.53066E+12,6511.01,6784.92,6441.11,6586.98,23571.89278,146203
7/4/2018 19:00,1.53075E+12,6585.53,6712,6453.33,6529.2,35071.9729,216533
7/5/2018 19:00,1.53084E+12,6529.2,6648.54,6425,6609.78,29397.09475,193854
7/6/2018 19:00,1.53092E+12,6609.79,6818.16,6508.88,6756.98,23973.87689,145449
7/7/2018 19:00,1.53101E+12,6753.48,6780,6667.44,6712.1,24622.94779,145349
7/8/2018 19:00,1.53109E+12,6712.1,6802.06,6612.24,6662.12,26732.40655,147315
7/9/2018 19:00,1.53118E+12,6662.78,6681,6263,6296.91,38560.6727,189913
7/10/2018 19:00,1.53127E+12,6296.91,6406,6278.99,6378.07,28715.49849,151869
7/11/2018 19:00,1.53135E+12,6378.07,6380.28,6070,6250.57,31306.66335,150985
7/12/2018 19:00,1.53144E+12,6251.4,6350,6110,6214.57,26375.32529,144757
7/13/2018 19:00,1.53153E+12,6214.57,6335,6178,6251.99,17783.072,108052
7/14/2018 19:00,1.53161E+12,6250.9,6395,6225.4,6353.01,22979.21151,114997
7/15/2018 19:00,1.5317E+12,6354.15,6747.3,6330.4,6723.35,36204.87708,201733
7/16/2018 19:00,1.53179E+12,6723.33,7468.99,6652.04,7317.44,52105.42346,276178
7/17/2018 19:00,1.53187E+12,7317.44,7588.08,7225.38,7381.9,59487.64345,327949
7/18/2018 19:00,1.53196E+12,7381.88,7576.28,7270,7466.21,41218.25644,235597
7/19/2018 19:00,1.53204E+12,7468.86,7700,7273,7337.53,46140.31345,251391
7/21/2018 19:00,1.53222E+12,7399.25,7582.4,7335.5,7394.79,30270.21844,144711
7/22/2018 19:00,1.5323E+12,7394.78,7833,7375,7721.01,41646.34667,219776
7/23/2018 19:00,1.53239E+12,7721.65,8486,7696,8397.24,60121.16375,326329
7/24/2018 19:00,1.53248E+12,8397.24,8491.77,8050,8175.64,48257.64912,277935
7/25/2018 19:00,1.53256E+12,8175.63,8315.69,7850.06,7920,43223.48168,235681
7/26/2018 19:00,1.53265E+12,7920,8285,7805,8188.57,43671.00589,227397
7/27/2018 19:00,1.53274E+12,8188.57,8246.54,8067,8225.04,26215.17384,144170
7/28/2018 19:00,1.53282E+12,8225.04,8294.51,8115,8211,25531.22619,144331
7/29/2018 19:00,1.53291E+12,8210.99,8273,7866,8173.92,39692.41654,206911
7/30/2018 19:00,1.533E+12,8171.4,8180,7633,7730.93,48296.91559,239132
7/31/2018 19:00,1.53308E+12,7735.67,7750,7430,7604.58,42582.31293,208008
8/1/2018 19:00,1.53317E+12,7600.08,7709.46,7455.72,7525.71,37665.69668,175627
8/2/2018 19:00,1.53325E+12,7525.71,7540,7282.44,7418.78,44669.48605,226727
8/3/2018 19:00,1.53334E+12,7412.27,7494.81,6926,7009.84,36288.42601,199335
8/4/2018 19:00,1.53343E+12,7009.84,7089.87,6882.29,7024.19,32894.84978,148658
8/5/2018 19:00,1.53351E+12,7024.19,7160,6821,6934.82,32760.19164,177378
8/6/2018 19:00,1.5336E+12,6935,7150.46,6670,6720.06,45438.4735,247202
8/7/2018 19:00,1.53369E+12,6720.63,6721.54,6123,6285,59550.53632,305603
8/8/2018 19:00,1.53377E+12,6283.27,6622.81,6178.6,6529.79,51941.18511,248573
8/9/2018 19:00,1.53386E+12,6529.79,6575.88,6026.39,6144.01,59034.9749,289661
8/10/2018 19:00,1.53395E+12,6148.13,6488,5971,6232.35,47133.41856,236173
8/11/2018 19:00,1.53403E+12,6222.55,6472.3,6130,6308.33,38567.77071,190399
8/12/2018 19:00,1.53412E+12,6308.56,6545,6145.04,6246.35,53895.82878,239602
8/13/2018 19:00,1.5342E+12,6248.25,6250.33,5880,6188.08,50186.74509,252004
8/14/2018 19:00,1.53429E+12,6188.08,6609,6172.11,6267.16,68806.68703,329413
8/15/2018 19:00,1.53438E+12,6265.27,6480,6205.6,6311.75,48515.25462,228942
8/16/2018 19:00,1.53446E+12,6316,6585,6285.4,6584.49,57851.6108,296730
8/17/2018 19:00,1.53455E+12,6579.04,6620,6288,6387.96,53742.32217,276121
8/18/2018 19:00,1.53464E+12,6387.96,6541,6300,6477.53,45190.84799,190758
8/19/2018 19:00,1.53472E+12,6477.53,6530,6220,6254.84,49435.55526,237055
8/20/2018 19:00,1.53481E+12,6251,6500,6235.08,6480,41569.94741,180578
8/21/2018 19:00,1.5349E+12,6479.98,6882.54,6251.2,6360.89,77909.39136,326562
8/22/2018 19:00,1.53498E+12,6362.57,6576.99,6342.28,6525.01,40358.16683,187637
8/23/2018 19:00,1.53507E+12,6525,6725,6440.5,6681.64,38305.67532,180167
8/24/2018 19:00,1.53516E+12,6686.98,6789,6650.61,6733.64,19220.50593,122483
8/25/2018 19:00,1.53524E+12,6733.64,6775.27,6568,6700,20107.29721,130769
8/26/2018 19:00,1.53533E+12,6700,6940.51,6646.5,6908.64,37747.07875,205441
8/27/2018 19:00,1.53541E+12,6907.26,7135,6860,7076.11,48352.91716,252033
8/28/2018 19:00,1.5355E+12,7077,7133.81,6912.34,7031.22,43252.48739,223772
8/29/2018 19:00,1.53559E+12,7033.21,7063.63,6784.81,6984.84,44716.77462,230848
8/30/2018 19:00,1.53567E+12,6984.84,7089,6888,7011.21,40467.40064,203142
8/31/2018 19:00,1.53576E+12,7011.21,7275,7008.74,7200.01,40323.41409,217286
9/1/2018 19:00,1.53585E+12,7201.57,7345.45,7127,7302.01,39814.84035,210282
9/2/2018 19:00,1.53593E+12,7302,7338.28,7191.63,7263.02,32396.01837,173846
9/3/2018 19:00,1.53602E+12,7263,7410,7227.17,7359.06,35300.64052,183178
9/4/2018 19:00,1.53611E+12,7359.05,7397.3,6682,6700,63715.25627,308813
9/5/2018 19:00,1.53619E+12,6697.27,6725,6265,6516.01,60644.46423,280845
9/6/2018 19:00,1.53628E+12,6516.84,6544,6320,6395.54,38906.28805,194451
9/7/2018 19:00,1.53636E+12,6395.54,6478,6111,6185.05,38215.03217,180831
9/8/2018 19:00,1.53645E+12,6185.06,6441,6141.53,6250.81,37053.92382,176709
9/9/2018 19:00,1.53654E+12,6252.26,6373.98,6221,6312,32439.45643,165286
9/10/2018 19:00,1.53662E+12,6311.99,6404,6169.68,6294.91,33104.88859,173335
9/11/2018 19:00,1.53671E+12,6293,6360,6192.37,6338.62,31433.64594,165590
9/12/2018 19:00,1.5368E+12,6338.62,6535,6337.4,6487.38,40465.06311,215637
9/13/2018 19:00,1.53688E+12,6487.39,6584.99,6385.62,6476.63,37173.33928,198375
9/14/2018 19:00,1.53697E+12,6476.63,6565.45,6466.13,6514.96,25243.65661,141362
9/15/2018 19:00,1.53706E+12,6514.96,6524.62,6370,6505,27568.1329,145921
9/16/2018 19:00,1.53714E+12,6500.08,6533.84,6201,6248.69,35987.25474,196924
9/17/2018 19:00,1.53723E+12,6248.69,6390,6224.98,6336.45,32620.86667,169055
9/18/2018 19:00,1.53732E+12,6336.39,6517.7,6123,6391.89,39044.08008,198215
9/19/2018 19:00,1.5374E+12,6392,6540,6325,6492,25189.02473,153686
9/20/2018 19:00,1.53749E+12,6492,6784.86,6491,6759.02,51779.34346,292494
9/21/2018 19:00,1.53757E+12,6759.01,6839.03,6627,6723.05,29349.69067,145720
9/22/2018 19:00,1.53766E+12,6723.05,6788.23,6661.75,6708,30286.22977,168354
9/23/2018 19:00,1.53775E+12,6706.81,6730,6557,6581.39,35305.73991,185297
9/24/2018 19:00,1.53783E+12,6581.42,6584.01,6325.02,6447.54,40301.02945,219965
9/25/2018 19:00,1.53792E+12,6445.11,6557.99,6379.7,6465.12,33484.54207,184238
9/26/2018 19:00,1.53801E+12,6467.84,6750,6434,6689.13,33087.4283,182590
9/27/2018 19:00,1.53809E+12,6689.12,6814.8,6540.88,6634.58,42399.44852,211849
9/28/2018 19:00,1.53818E+12,6634.58,6636,6464.57,6596.38,30255.9597,171027
9/29/2018 19:00,1.53827E+12,6597.66,6662,6533,6626.57,27764.72452,153447
9/30/2018 19:00,1.53835E+12,6626.57,6667.09,6510,6611.61,20621.50689,129733
10/1/2018 19:00,1.53844E+12,6610,6640,6494,6525.79,28245.81009,147274
10/2/2018 19:00,1.53852E+12,6525.79,6549,6430,6510,28451.96914,150607
10/3/2018 19:00,1.53861E+12,6510.01,6643.46,6505.09,6593.79,20074.30082,96824
10/4/2018 19:00,1.5387E+12,6591.69,6697,6543.08,6635.65,16096.55239,86701
10/5/2018 19:00,1.53878E+12,6635.65,6651,6566.77,6594.27,10939.50539,62065
10/6/2018 19:00,1.53887E+12,6596.44,6640,6525,6615.26,17406.83176,82844
10/7/2018 19:00,1.53896E+12,6615.26,6715.6,6587,6673.01,23123.41954,135156
10/8/2018 19:00,1.53904E+12,6673.01,6685.38,6607,6656.61,15354.77947,101956
10/9/2018 19:00,1.53913E+12,6656.67,6659.95,6530,6631,15390.66144,99789
10/10/2018 19:00,1.53922E+12,6630.21,6633.92,6205,6252.68,48712.40033,253224
10/11/2018 19:00,1.5393E+12,6252.71,6360,6209,6298.01,29004.07142,148077
10/12/2018 19:00,1.53939E+12,6298,6345,6285.07,6332.93,19098.07003,108981
10/13/2018 19:00,1.53948E+12,6332.92,6416,6308,6339.34,15627.41131,96113
10/14/2018 19:00,1.53956E+12,6339.34,7680,6300,6752.5,90748.03125,456913
10/15/2018 19:00,1.53965E+12,6752.5,6900,6670,6759.27,27557.95776,175075
10/16/2018 19:00,1.53973E+12,6762.76,6811.12,6676.01,6740.89,26641.43138,158746
10/17/2018 19:00,1.53982E+12,6739.01,6796,6567,6618.96,20116.52194,138002
10/18/2018 19:00,1.53991E+12,6618.96,6648.14,6523,6528.88,20772.60077,112337
10/19/2018 19:00,1.53999E+12,6528.88,6617.65,6505.55,6588.4,19240.72225,110809
10/20/2018 19:00,1.54008E+12,6585.72,6663.9,6580,6590.11,6515.357792,68018
10/21/2018 19:00,1.54017E+12,6590.12,6639,6535.27,6581.2,16213.69266,101673
10/22/2018 19:00,1.54025E+12,6581.2,6595,6515.45,6553.51,13856.60176,86938
10/23/2018 19:00,1.54034E+12,6553.51,6630,6547.53,6565.5,11951.54398,90762
10/24/2018 19:00,1.54043E+12,6566.81,6575.09,6502.8,6528.09,10342.70124,75563
10/25/2018 19:00,1.54051E+12,6528.13,6600,6515.01,6538.63,9443.504156,77985
10/26/2018 19:00,1.5406E+12,6538.63,6558.35,6463.04,6505.6,7776.907864,86848
10/27/2018 19:00,1.54068E+12,6505.6,6514.17,6453,6489.93,5743.933728,71647
10/28/2018 19:00,1.54077E+12,6489.93,6505.01,6315,6344.5,13827.22407,135586
10/29/2018 19:00,1.54086E+12,6344.5,6395,6317.01,6330.87,8877.175385,95116
10/30/2018 19:00,1.54094E+12,6330.01,6428,6245.02,6371.93,12148.88822,111552
10/31/2018 19:00,1.54103E+12,6369.52,6442.65,6348.66,6410,9099.035841,89601
11/1/2018 19:00,1.54112E+12,6410,6460.34,6388.2,6433.98,9739.440679,109482
11/2/2018 19:00,1.5412E+12,6432.8,6439.97,6345,6387.09,7661.241476,83836
11/3/2018 19:00,1.54129E+12,6388,6525,6359,6485.85,10592.39494,126200
11/4/2018 19:00,1.54138E+12,6485.85,6504.39,6431.02,6468.99,8987.882156,114235
11/5/2018 19:00,1.54146E+12,6468.99,6531.31,6445.18,6519.11,11926.5657,150475
11/6/2018 19:00,1.54155E+12,6522.73,6615.15,6509,6578.46,14271.59112,151060
11/7/2018 19:00,1.54164E+12,6578.46,6594,6468.22,6479.84,13259.78928,145405
11/8/2018 19:00,1.54172E+12,6479.84,6511.53,6391.01,6419.99,11787.61658,117043
11/9/2018 19:00,1.54181E+12,6419.99,6475.55,6411,6433.05,7714.829926,97746
11/10/2018 19:00,1.54189E+12,6435.16,6462.14,6355,6449.81,8213.507117,98435
11/11/2018 19:00,1.54198E+12,6450.71,6497,6421,6453.07,10132.78257,123144
11/12/2018 19:00,1.54207E+12,6451.68,6498,6391.15,6457.66,11790.56493,150940
11/13/2018 19:00,1.54215E+12,6458.98,6482.84,5656.87,5922.41,46478.964,319011
11/14/2018 19:00,1.54224E+12,5917.2,5939.54,5403.42,5753.4,47700.8294,303825
11/15/2018 19:00,1.54233E+12,5757.09,5782.89,5549.25,5655.94,38721.80227,221493
11/16/2018 19:00,1.54241E+12,5650.57,5656.6,5565.43,5628.29,26411.24141,171403
11/17/2018 19:00,1.5425E+12,5630.49,5738.17,5617,5662,23844.99935,154817
11/18/2018 19:00,1.54259E+12,5661.94,5664,4855,4910.03,70580.89286,378495
11/19/2018 19:00,1.54267E+12,4913.4,5048.24,4326,4558.86,117380.9516,596769
11/20/2018 19:00,1.54276E+12,4559.91,4787.2,4413.85,4661.07,61071.82948,301920
11/21/2018 19:00,1.54284E+12,4661.08,4721.77,4335,4370,34531.11914,180335
11/22/2018 19:00,1.54293E+12,4370.9,4484,4222.94,4420.61,49371.92032,227935
11/23/2018 19:00,1.54302E+12,4415.63,4527,3824.69,3932.44,61693.11101,275070
11/24/2018 19:00,1.5431E+12,3933.68,4233,3652.66,4085.78,101693.9756,428171
11/25/2018 19:00,1.54319E+12,4088.69,4206,3701,3862.2,94503.75077,413329
11/26/2018 19:00,1.54328E+12,3864.45,3940,3689.12,3875.21,67480.60721,288731
11/27/2018 19:00,1.54336E+12,3875.63,4394.47,3874.27,4264.85,91983.56795,386714
11/28/2018 19:00,1.54345E+12,4262.06,4450.38,4125.65,4295.84,73980.19867,316601
11/29/2018 19:00,1.54354E+12,4295.72,4341.36,3943,4041.32,67758.44628,288098
11/30/2018 19:00,1.54362E+12,4041.27,4299.99,3963.01,4190.02,44840.07348,205472
12/1/2018 19:00,1.54371E+12,4190.98,4312.99,4103.04,4161.01,38912.15479,178087
12/2/2018 19:00,1.5438E+12,4160.55,4179,3827,3884.01,49094.36916,207134
12/3/2018 19:00,1.54388E+12,3884.76,4085,3781,3951.64,48489.55161,220815
12/4/2018 19:00,1.54397E+12,3950.98,3970,3745,3769.84,44004.79945,199011
12/5/2018 19:00,1.54405E+12,3768.44,3899.99,3500,3508.75,68378.79694,293512
12/6/2018 19:00,1.54414E+12,3508.75,3549.99,3224.6,3403.55,95145.45744,413521
12/7/2018 19:00,1.54423E+12,3403.57,3495,3222,3410.93,55365.94995,253650
12/8/2018 19:00,1.54431E+12,3411.36,3658,3394.04,3545.37,45956.8933,194567
12/9/2018 19:00,1.5444E+12,3548.49,3610,3370.11,3432.88,40989.24455,192599
12/10/2018 19:00,1.54449E+12,3434.01,3480,3324.32,3380.39,35920.86415,162266
12/11/2018 19:00,1.54457E+12,3379.23,3492,3350,3445,33922.93129,152067
12/12/2018 19:00,1.54466E+12,3446.38,3460,3255.5,3302.06,40040.91701,160471
12/13/2018 19:00,1.54475E+12,3302.06,3335.39,3177,3224.17,44492.98381,184525
12/14/2018 19:00,1.54483E+12,3225.19,3276.5,3156.26,3211.72,29796.04144,139806
12/15/2018 19:00,1.54492E+12,3211.71,3294,3186,3228.67,24628.80854,125565
12/16/2018 19:00,1.545E+12,3229.22,3585,3216,3509.08,66761.7517,283814
12/17/2018 19:00,1.54509E+12,3509.03,3678.59,3424.47,3652.98,61369.61526,296433
12/18/2018 19:00,1.54518E+12,3653,3912.73,3622.55,3662.22,94137.34101,434026
12/19/2018 19:00,1.54526E+12,3660.01,4120,3635,4049.62,101543.836,500506
12/20/2018 19:00,1.54535E+12,4051.86,4139.99,3764,3838.66,82343.85011,436187
12/21/2018 19:00,1.54544E+12,3840.25,3979,3785,3948.91,42822.35087,249148
12/22/2018 19:00,1.54552E+12,3948.91,4021.53,3870,3929.71,40117.53153,258417
12/23/2018 19:00,1.54561E+12,3929.71,4198,3924.83,4008.01,64647.80913,400403
12/24/2018 19:00,1.5457E+12,4010.11,4020,3646.41,3745.79,62725.62943,356377
12/25/2018 19:00,1.54578E+12,3745.56,3837.15,3656.74,3777.74,42629.37582,267746
12/26/2018 19:00,1.54587E+12,3777.74,3813.98,3535,3567.91,44097.39291,262733
12/27/2018 19:00,1.54596E+12,3567.89,3887.25,3540.04,3839.26,45964.30499,251040
12/28/2018 19:00,1.54604E+12,3839,3892,3670,3695.32,38874.3739,244844
12/29/2018 19:00,1.54613E+12,3696.71,3903.5,3657.9,3801.91,33222.36926,218929
12/30/2018 19:00,1.54621E+12,3803.12,3810,3630.33,3702.9,29991.77835,190308
12/31/2018 19:00,1.5463E+12,3701.23,3810.16,3642,3797.14,23741.68703,154227
1/1/2019 19:00,1.54639E+12,3796.45,3882.14,3750.45,3858.56,35156.46337,218538
1/2/2019 19:00,1.54647E+12,3857.57,3862.74,3730,3766.78,29406.94836,199812
1/3/2019 19:00,1.54656E+12,3767.2,3823.64,3703.57,3792.01,29519.55467,192232
1/4/2019 19:00,1.54665E+12,3790.09,3840.99,3751,3770.96,30490.66775,203673
1/5/2019 19:00,1.54673E+12,3771.12,4027.71,3740,3987.6,36553.80671,240496
1/6/2019 19:00,1.54682E+12,3987.62,4017.9,3921.53,3975.45,31869.84626,221219
1/7/2019 19:00,1.54691E+12,3976.76,4069.8,3903,3955.13,38901.42312,242898
1/8/2019 19:00,1.54699E+12,3955.45,4006.81,3930.04,3966.65,28989.43951,209240
1/9/2019 19:00,1.54708E+12,3966.06,3996.01,3540,3585.88,59402.22851,374760
1/10/2019 19:00,1.54716E+12,3585.88,3658,3465,3601.31,38338.65473,264996
1/11/2019 19:00,1.54725E+12,3601.31,3618.19,3530,3583.13,21999.92835,175679
1/12/2019 19:00,1.54734E+12,3584.1,3611.1,3441.3,3476.81,26385.75745,183113
1/13/2019 19:00,1.54742E+12,3477.56,3671.87,3467.02,3626.09,35235.21122,229452
1/14/2019 19:00,1.54751E+12,3626.08,3648.42,3516.62,3553.06,34137.99746,231684
1/15/2019 19:00,1.5476E+12,3553.06,3645,3543.51,3591.84,27480.17998,205159
1/16/2019 19:00,1.54768E+12,3591.84,3634.7,3530.39,3616.21,29755.44084,217797
1/17/2019 19:00,1.54777E+12,3613.32,3620,3565.75,3594.87,22713.44676,177567
1/18/2019 19:00,1.54786E+12,3594.87,3720,3594.23,3665.3,22171.57812,175054
1/19/2019 19:00,1.54794E+12,3665.75,3693.73,3475,3539.28,27901.9386,204941
1/20/2019 19:00,1.54803E+12,3539.26,3559.51,3475.5,3526.9,19644.43684,160825
1/21/2019 19:00,1.54812E+12,3526.88,3608.5,3434.85,3570.93,29336.44297,195484
1/22/2019 19:00,1.5482E+12,3570.41,3607.98,3514.5,3552.82,24938.8427,192892
1/23/2019 19:00,1.54829E+12,3552.97,3589,3529.22,3569.62,20826.25118,162159
1/24/2019 19:00,1.54837E+12,3569.07,3587.15,3522.51,3565.29,17608.34667,153413
1/25/2019 19:00,1.54846E+12,3566.69,3662.94,3545,3565.25,19476.53234,135369
1/26/2019 19:00,1.54855E+12,3565.62,3579,3486,3550.84,22735.59816,163855
1/27/2019 19:00,1.54863E+12,3550.05,3557.75,3380.27,3434.15,40405.1114,260799
1/28/2019 19:00,1.54872E+12,3434,3443.45,3349.92,3411.04,29544.92898,189650
1/29/2019 19:00,1.54881E+12,3410.04,3478,3387.1,3458.18,23968.26024,180820
1/30/2019 19:00,1.54889E+12,3457.5,3489.2,3418.8,3434.1,29607.19025,198100
1/31/2019 19:00,1.54898E+12,3434.1,3488,3401.2,3462.07,25260.47616,167520
2/1/2019 19:00,1.54907E+12,3462.2,3526.4,3440.29,3504.77,17920.802,153234
2/2/2019 19:00,1.54915E+12,3504.06,3511.09,3426,3458.11,19867.33639,138592
2/3/2019 19:00,1.54924E+12,3458.11,3484.88,3433.31,3463.22,23131.98111,155686
2/4/2019 19:00,1.54932E+12,3463.22,3478.97,3448.43,3471.59,25264.41503,162066
2/5/2019 19:00,1.54941E+12,3471.57,3482.72,3380,3405.37,35310.24485,207024
2/7/2019 19:00,1.54958E+12,3398.4,3733.58,3373.1,3659.04,47968.05801,277242
2/8/2019 19:00,1.54967E+12,3660.27,3680.02,3625.13,3665.18,24759.83372,192209
2/9/2019 19:00,1.54976E+12,3665.18,3684.99,3609.76,3680.06,23250.60263,171099
2/10/2019 19:00,1.54984E+12,3679.75,3684.9,3615.53,3631.05,24954.61457,172626
2/11/2019 19:00,1.54993E+12,3631.05,3667.6,3582.34,3631.46,29479.59823,198996
2/12/2019 19:00,1.55002E+12,3631.51,3670,3591.75,3609.4,25773.99765,167690
2/13/2019 19:00,1.5501E+12,3608.34,3626.4,3568.11,3590.56,21753.50126,155215
2/14/2019 19:00,1.55019E+12,3590.57,3653.23,3573.45,3602.47,20777.8729,151256
2/15/2019 19:00,1.55028E+12,3602.49,3648.2,3597.91,3618.41,19565.99275,149393
2/16/2019 19:00,1.55036E+12,3617.22,3700.11,3604.4,3667.58,25690.22778,179511
2/17/2019 19:00,1.55045E+12,3667.62,3925,3655,3898.6,64042.73049,393515
2/18/2019 19:00,1.55053E+12,3897.35,3994.52,3856,3907.79,50207.17267,332281
2/19/2019 19:00,1.55062E+12,3907.35,3986.98,3870.66,3969.74,36205.14085,250176
2/20/2019 19:00,1.55071E+12,3969.74,4016.48,3901.03,3937.31,31103.88473,209571
2/21/2019 19:00,1.55079E+12,3937.31,3988,3926.65,3962,23943.16375,179588
2/22/2019 19:00,1.55088E+12,3962,4162.02,3933.15,4117.76,33657.94288,231563
2/23/2019 19:00,1.55097E+12,4118,4198,3712.66,3743.56,62224.18689,410578
2/24/2019 19:00,1.55105E+12,3743.56,3872.66,3740,3827.92,38102.96625,262716
2/25/2019 19:00,1.55114E+12,3828.44,3841.51,3777,3809.23,28838.74804,213897
2/26/2019 19:00,1.55123E+12,3809.31,3838.85,3677.17,3818.07,31500.99547,201626
2/27/2019 19:00,1.55131E+12,3818.04,3888,3763.87,3813.69,32561.96104,233849
2/28/2019 19:00,1.5514E+12,3814.26,3857,3813.01,3823,23174.57217,179860
3/1/2019 19:00,1.55148E+12,3822.17,3841.31,3772.25,3819.93,19445.83836,149854
3/2/2019 19:00,1.55157E+12,3819.97,3835,3781.32,3807.75,16718.16541,127681
3/3/2019 19:00,1.55166E+12,3807.32,3830,3670.69,3715.3,34742.84166,218615
3/4/2019 19:00,1.55174E+12,3716.1,3877.1,3703.55,3857.73,32962.53616,202444
3/5/2019 19:00,1.55183E+12,3857.58,3907,3813.09,3861.84,24775.11883,165101
3/6/2019 19:00,1.55192E+12,3861.84,3905.4,3840.4,3873.64,26455.25766,180520
3/7/2019 19:00,1.552E+12,3873.63,3932,3800,3864.89,34730.36659,211534
3/8/2019 19:00,1.55209E+12,3864.88,3971.75,3854.75,3943.04,30979.74765,206869
3/9/2019 19:00,1.55218E+12,3943.43,3943.43,3881.69,3916.82,23187.56141,167920
3/10/2019 19:00,1.55226E+12,3915.99,3936.98,3830,3871.61,38066.88571,209916
3/11/2019 19:00,1.55235E+12,3871.61,3905.2,3826.06,3882.73,26921.00862,182885
3/12/2019 19:00,1.55244E+12,3882.69,3893.56,3840,3866,24461.00876,186572
3/13/2019 19:00,1.55252E+12,3866,3920,3810.43,3877.12,27048.74853,196651
3/14/2019 19:00,1.55261E+12,3877.12,3939.22,3872.2,3923.76,21740.0615,163866
3/15/2019 19:00,1.55269E+12,3924.46,4056.98,3921.98,4005.98,28568.37612,216198
3/16/2019 19:00,1.55278E+12,4005.98,4012,3950.01,3981.14,18814.25558,146953
3/17/2019 19:00,1.55287E+12,3981.85,4037,3953.33,3987.81,22454.47801,157876
3/18/2019 19:00,1.55295E+12,3987.83,4031,3970,4015.53,19893.74182,147394
3/19/2019 19:00,1.55304E+12,4017.48,4050,3980.5,4043.04,23432.30026,175036
3/20/2019 19:00,1.55313E+12,4043.04,4069.32,3880.01,3980.64,35997.68212,236100
3/21/2019 19:00,1.55321E+12,3980.85,4008,3968.25,3986.93,20022.60632,153703
3/22/2019 19:00,1.5533E+12,3987.89,4018.83,3978.01,4006.01,17302.60432,143155
3/23/2019 19:00,1.55339E+12,4006.01,4006.02,3950,3992.18,17179.85065,131087
3/24/2019 19:00,1.55347E+12,3991.35,3999.3,3888.71,3936.12,33192.89022,227739
3/25/2019 19:00,1.55356E+12,3935.47,3958.98,3894,3948.55,29349.53763,192418
3/26/2019 19:00,1.55364E+12,3948.77,4048,3936.15,4038.05,32364.55585,224309
3/27/2019 19:00,1.55373E+12,4039.58,4039.7,4002,4027.81,20089.29388,157060
3/28/2019 19:00,1.55382E+12,4028.22,4123.71,4024.03,4103.25,30084.21744,203826
3/29/2019 19:00,1.5539E+12,4104.24,4140,4052,4106.97,19509.2926,162463
3/30/2019 19:00,1.55399E+12,4106.99,4116.12,4082.57,4103.95,13525.08743,124046
3/31/2019 19:00,1.55408E+12,4102.44,4158.7,4067,4144.56,25507.06764,184268
4/1/2019 19:00,1.55416E+12,4144.54,4897.99,4140.54,4857.29,105383.6393,609133
4/2/2019 19:00,1.55425E+12,4857.19,5275.01,4753.5,4932.6,109890.1257,692019
4/3/2019 19:00,1.55434E+12,4932.59,5039.08,4777,4898.66,61054.25417,419141
4/4/2019 19:00,1.55442E+12,4898.64,5028.22,4880.62,5004.95,39768.55281,292375
4/5/2019 19:00,1.55451E+12,5004.96,5205,4928.59,5043.89,41770.84231,281237
4/6/2019 19:00,1.5546E+12,5042.07,5234,5026,5170.27,37615.4868,274084
4/7/2019 19:00,1.55468E+12,5170.27,5305,5039,5236.9,50178.43078,350828
4/8/2019 19:00,1.55477E+12,5238.38,5238.4,5076.68,5150,34067.01231,253381
4/9/2019 19:00,1.55485E+12,5150,5422,5135,5308.25,40073.62047,260967
4/10/2019 19:00,1.55494E+12,5307.86,5332.67,4927,5017.37,54696.60069,369304
4/11/2019 19:00,1.55503E+12,5017.37,5080.58,4861.22,5048.01,33276.67861,226036
4/12/2019 19:00,1.55511E+12,5047,5099,5004,5045.22,17292.4568,138674
4/13/2019 19:00,1.5552E+12,5047.45,5152.99,5000,5131.3,18281.60774,131700
4/14/2019 19:00,1.55529E+12,5131.28,5167.38,4950,5024.95,29057.19158,204944
4/15/2019 19:00,1.55537E+12,5024.95,5197.72,5003.94,5173.72,24242.22949,168550
4/16/2019 19:00,1.55546E+12,5173.72,5230.4,5146.8,5202.82,23307.53613,179490
4/17/2019 19:00,1.55555E+12,5202.41,5287,5198.8,5258.44,22619.239,167110
4/18/2019 19:00,1.55563E+12,5258.44,5320,5175,5258.68,24611.23632,178148
4/19/2019 19:00,1.55572E+12,5258.68,5333.42,5230.1,5291.73,19168.90827,157080
4/20/2019 19:00,1.5558E+12,5292.91,5314.35,5165,5256.14,25549.57094,210494
4/21/2019 19:00,1.55589E+12,5257.41,5400,5208.35,5357.14,29563.85231,210361
4/22/2019 19:00,1.55598E+12,5357.14,5600,5332.41,5493.31,41262.10392,282563
4/23/2019 19:00,1.55606E+12,5490.91,5582.2,5333.35,5415,48224.15241,339599
4/24/2019 19:00,1.55615E+12,5415,5491.84,5102,5219.9,49636.08995,331089
4/25/2019 19:00,1.55624E+12,5220.47,5510,5161.62,5314.1,48912.29451,333183
4/26/2019 19:00,1.55632E+12,5315,5342.5,5257.67,5295.69,15422.89694,145733
4/27/2019 19:00,1.55641E+12,5295.69,5340,5259.48,5307.52,14371.43387,127730
4/28/2019 19:00,1.5565E+12,5309.81,5332,5178.8,5238.14,19918.13508,178472
4/29/2019 19:00,1.55658E+12,5238.14,5339.98,5192.15,5320.81,22238.06823,180989
4/30/2019 19:00,1.55667E+12,5321.94,5402,5316.2,5383.2,17217.47322,161488
5/1/2019 19:00,1.55676E+12,5383.2,5538,5370,5492.87,22795.78784,181896
5/2/2019 19:00,1.55684E+12,5494.81,5844,5477.57,5772.69,46297.17285,338298
5/3/2019 19:00,1.55693E+12,5770.62,5900,5587.45,5829.45,39682.40899,283145
5/4/2019 19:00,1.55701E+12,5829.83,5839.9,5696,5775.62,23822.54378,185365
5/5/2019 19:00,1.5571E+12,5773.18,5805,5619.14,5747.79,25256.59633,230431
5/6/2019 19:00,1.55719E+12,5749.92,6028.41,5747.74,5846.34,39905.06442,301388
5/7/2019 19:00,1.55727E+12,5846.34,6014.72,5772.2,5987.29,23074.05152,190966
5/8/2019 19:00,1.55736E+12,5986.66,6224.55,5983.71,6209.18,27453.01144,227841
5/9/2019 19:00,1.55745E+12,6209.95,6468.92,6172,6373.33,36623.61079,283074
5/10/2019 19:00,1.55753E+12,6375.16,7343.99,6372.85,7076.22,74022.42439,562540
5/11/2019 19:00,1.55762E+12,7076.24,7521.78,6750,6967.31,86948.97534,647345
5/12/2019 19:00,1.55771E+12,6968.24,8100,6870,7790.71,85804.73533,588497
5/13/2019 19:00,1.55779E+12,7795.62,8366,7599.56,7947.56,76583.7226,655426
5/14/2019 19:00,1.55788E+12,7945.26,8249,7850,8169.87,37884.32721,347533
5/15/2019 19:00,1.55796E+12,8169.08,8320,7705,7866.59,69630.514,666538
5/16/2019 19:00,1.55805E+12,7868.67,7925,6913,7355.26,88752.00816,803893
5/17/2019 19:00,1.55814E+12,7355.28,7458,7156.61,7257.45,37054.94478,379504
5/18/2019 19:00,1.55822E+12,7257.32,8275.09,7243.08,8148.48,65577.44206,583432
5/19/2019 19:00,1.55831E+12,8147.94,8156.03,7553,7938.15,65859.20856,610360
5/20/2019 19:00,1.5584E+12,7937.16,8042.32,7771,7904.87,52301.75225,554038
5/21/2019 19:00,1.55848E+12,7904.48,8016,7465,7628.43,49136.99459,461337
5/22/2019 19:00,1.55857E+12,7627.8,7940.98,7461,7851.51,49648.1847,449220
5/23/2019 19:00,1.55866E+12,7849.95,8130,7766,7964.87,46664.78533,428676
5/24/2019 19:00,1.55874E+12,7964.52,8091.8,7908.34,8025.41,28414.32882,264448
5/25/2019 19:00,1.55883E+12,8023,8740,7833.42,8614.43,49652.14457,377306
5/26/2019 19:00,1.55892E+12,8612.54,8908.32,8589,8756.32,51886.76879,478773
5/27/2019 19:00,1.559E+12,8752.52,8798.49,8510.63,8715.64,31470.55153,349123
5/28/2019 19:00,1.55909E+12,8716.87,8750,8406.6,8645.68,33880.86592,352317
5/29/2019 19:00,1.55917E+12,8646.5,9074.26,8005,8269.54,70379.99852,617341
5/30/2019 19:00,1.55926E+12,8267.1,8594,8108.5,8555,44727.49162,416525
5/31/2019 19:00,1.55935E+12,8555,8626,8442.36,8544.07,31868.23416,348375
6/1/2019 19:00,1.55943E+12,8545.1,8814.78,8524,8725.98,27835.13327,299353
6/2/2019 19:00,1.55952E+12,8726,8800.95,8080.8,8115.82,45692.9651,431252
6/3/2019 19:00,1.55961E+12,8115.66,8115.66,7481.02,7687.03,74143.94894,645913
6/4/2019 19:00,1.55969E+12,7687.04,7896.7,7572.78,7776.5,48679.65646,426120
6/5/2019 19:00,1.55978E+12,7778.08,7868.13,7444.58,7786.7,36624.11875,371485
6/6/2019 19:00,1.55987E+12,7787.57,8100,7737.49,7980.53,33942.22566,323096
6/7/2019 19:00,1.55995E+12,7978.94,8044.65,7751,7893.62,22657.32963,250864
6/8/2019 19:00,1.56004E+12,7895.28,7935,7506.66,7628.13,31568.46516,322175
6/9/2019 19:00,1.56012E+12,7627.57,8020,7511,7982.75,36756.07847,387179
6/10/2019 19:00,1.56021E+12,7981,8010,7692.23,7884.9,30334.99943,309059
6/11/2019 19:00,1.5603E+12,7884.9,8200,7788.99,8127.64,41597.08262,361980
6/12/2019 19:00,1.56038E+12,8127.64,8309.82,8010.03,8218.54,30467.76434,341246
6/13/2019 19:00,1.56047E+12,8216.44,8684.41,8144.32,8650,39835.24626,410072
6/14/2019 19:00,1.56056E+12,8650.88,8864.99,8567.63,8808.7,31791.63604,335840
6/15/2019 19:00,1.56064E+12,8810.77,9333,8760,8953.33,63289.25122,552319
6/16/2019 19:00,1.56073E+12,8953,9444,8950,9313.96,47895.48537,462160
6/17/2019 19:00,1.56082E+12,9312.13,9336.36,8950,9081.55,51554.5694,449730
6/18/2019 19:00,1.5609E+12,9081.97,9304,8960,9255.49,32147.7065,306202
6/19/2019 19:00,1.56099E+12,9253.76,9590,9175.2,9517.12,34556.05398,350662
6/20/2019 19:00,1.56108E+12,9518.06,10174.99,9518.06,10159.86,50484.41589,474344
6/21/2019 19:00,1.56116E+12,10159.86,11160,9921.72,10729.5,104169.448,923334
6/22/2019 19:00,1.56125E+12,10729,11392.64,10555.18,10906.07,57445.32395,557935
6/23/2019 19:00,1.56133E+12,10905.95,11143.63,10620.8,11056.59,43101.04529,440335
6/24/2019 19:00,1.56142E+12,11056.59,11850,11026,11820.86,61276.68665,597798
6/25/2019 19:00,1.56151E+12,11821.28,13970,11741,13093.8,155930.1474,1355074
6/26/2019 19:00,1.56159E+12,13098.38,13478.04,10525.1,11329.99,173894.8209,1357233
6/27/2019 19:00,1.56168E+12,11329.99,12480,10982.88,12400.63,95795.20396,883116
6/28/2019 19:00,1.56177E+12,12407.06,12441.54,11475.02,11903.13,69642.07416,732073
6/29/2019 19:00,1.56185E+12,11903.13,12180,10766.03,10854.1,84512.53044,711267
6/30/2019 19:00,1.56194E+12,10854.1,11282.28,10030,10624.93,90962.26827,757458
7/1/2019 19:00,1.56203E+12,10624.9,10938.75,9727,10842.85,109561.0387,870148
7/2/2019 19:00,1.56211E+12,10844.98,11991.89,10841.04,11940,96815.90029,814754
7/3/2019 19:00,1.5622E+12,11940,12000,11055,11145.67,66512.22189,643867
7/4/2019 19:00,1.56228E+12,11145.67,11406.83,10796.44,10970.73,63534.35058,564857
7/5/2019 19:00,1.56237E+12,10982.41,11665,10964.51,11256.49,51469.49633,470692
7/6/2019 19:00,1.56246E+12,11256.45,11538,11094.37,11406.24,38884.7956,366769
7/7/2019 19:00,1.56254E+12,11410,12338.03,11220,12238.6,52182.36722,507860
7/8/2019 19:00,1.56263E+12,12238.6,12794.73,12068,12543.41,78442.13034,660273
7/9/2019 19:00,1.56272E+12,12548.51,13147.08,11569,12108.37,109246.045,899391
7/10/2019 19:00,1.5628E+12,12108.11,12111.73,11000,11342.89,87506.46106,760057
7/11/2019 19:00,1.56289E+12,11342.88,11885,11073,11757.22,56321.85828,537561
7/12/2019 19:00,1.56298E+12,11757.22,11799.98,10830,11355.76,54245.59455,510305
7/13/2019 19:00,1.56306E+12,11355.78,11452,10103,10174.18,72517.57924,649043
7/14/2019 19:00,1.56315E+12,10174.18,11100,9860,10838.72,81922.42633,732206
7/15/2019 19:00,1.56324E+12,10833.78,11028,9350.01,9439.59,97219.44341,796646
7/16/2019 19:00,1.56332E+12,9430.17,9957,9060,9667.92,84942.67272,757742
7/17/2019 19:00,1.56341E+12,9668.86,10788,9252,10627.16,80283.31025,734821
7/18/2019 19:00,1.56349E+12,10628.64,10769.71,10121.84,10504.29,56546.93213,567735
7/19/2019 19:00,1.56358E+12,10505.78,11068.99,10350,10740.23,47331.89985,461660
7/20/2019 19:00,1.56367E+12,10740.27,10817.9,10288,10589.45,38834.28794,395452
7/21/2019 19:00,1.56375E+12,10590.15,10683.16,10100,10340.31,40467.95484,389565
7/22/2019 19:00,1.56384E+12,10343.08,10343.97,9822,9864.91,47624.37071,448147
7/23/2019 19:00,1.56393E+12,9864.78,9937,9525,9763.28,43475.38038,424762
7/24/2019 19:00,1.56401E+12,9763.4,10175,9720.03,9879.87,37873.35473,368176
7/25/2019 19:00,1.5641E+12,9882.15,9889.98,9637,9824,27167.46322,299935
7/26/2019 19:00,1.56419E+12,9824,10188.66,9333,9476.52,43809.7783,401418
7/27/2019 19:00,1.56427E+12,9478.92,9594.99,9165,9541.54,29401.02294,271327
7/28/2019 19:00,1.56436E+12,9541.54,9729,9395,9507.64,29021.93741,294468
7/29/2019 19:00,1.56444E+12,9509.07,9714.28,9402,9574.21,32536.36883,283961
7/30/2019 19:00,1.56453E+12,9575,10109.8,9555,10080.53,39515.35456,364212
7/31/2019 19:00,1.56462E+12,10080.53,10467.86,9863.46,10374.99,41727.63703,378062
8/1/2019 19:00,1.5647E+12,10375,10670,10281.35,10523.75,42990.44422,431322
8/2/2019 19:00,1.56479E+12,10523.75,10904.77,10497.93,10816.86,33802.31882,348893
8/3/2019 19:00,1.56488E+12,10816.86,11040,10552,10929.23,39924.74514,353721
8/4/2019 19:00,1.56496E+12,10929.99,11937.52,10927.8,11828.8,65153.67371,622610
8/5/2019 19:00,1.56505E+12,11830,12330.7,11226.7,11481.69,76705.38988,625827
8/6/2019 19:00,1.56514E+12,11481.69,12141.17,11382.84,11975.03,69173.39035,592916
8/7/2019 19:00,1.56522E+12,11975.04,12060,11521,11999.77,51207.25717,473584
8/8/2019 19:00,1.56531E+12,11994.17,12045.68,11700,11879.99,39427.15259,410902
8/9/2019 19:00,1.5654E+12,11879.98,11985,11270,11309.31,42633.08705,399237
8/10/2019 19:00,1.56548E+12,11309.24,11600,11112.11,11549.97,26772.90691,306234
8/11/2019 19:00,1.56557E+12,11539.08,11577.89,11235.32,11396.08,17568.22708,255966
8/12/2019 19:00,1.56565E+12,11398.35,11456.16,10788.45,10892.71,33234.72968,337834
8/13/2019 19:00,1.56574E+12,10893.36,10897.48,9928.1,10050.37,54451.8475,534507
8/14/2019 19:00,1.56583E+12,10055.16,10460,9911,10293.93,38174.45112,373368
8/15/2019 19:00,1.56591E+12,10296.77,10536.03,9750,10331.54,51758.14292,504740
8/16/2019 19:00,1.566E+12,10331.15,10465.14,10000,10216.02,29000.5812,332795
8/17/2019 19:00,1.56609E+12,10216.05,10500,10080,10306.78,24085.39517,265705
8/18/2019 19:00,1.56617E+12,10306.17,10930,10258.6,10915.54,37243.31922,337022
8/19/2019 19:00,1.56626E+12,10914.73,10949.96,10560,10760.51,32298.92168,305065
8/20/2019 19:00,1.56635E+12,10760.51,10804.13,9858,10142.57,47355.71928,458814
8/21/2019 19:00,1.56643E+12,10140.82,10242,9762,10099.88,34059.64274,401148
8/22/2019 19:00,1.56652E+12,10099.9,10445,10019.79,10389.55,27550.33617,326866
8/23/2019 19:00,1.5666E+12,10388.16,10419.42,9890,10134.35,27692.45684,313227
8/24/2019 19:00,1.56669E+12,10134.61,10333,9906.97,10142.69,26271.6574,289956
8/25/2019 19:00,1.56678E+12,10142.69,10604,10137.93,10372.25,41687.5116,405316
8/27/2019 19:00,1.56695E+12,10185.69,10299,9601.01,9721,42110.55538,381293
8/28/2019 19:00,1.56704E+12,9721,9724,9320,9498.44,35532.69491,343887
8/29/2019 19:00,1.56712E+12,9499.01,9696,9350.41,9584.54,26834.3181,259270
8/30/2019 19:00,1.56721E+12,9582.76,9684.51,9420.75,9587.47,17130.29007,199188
8/31/2019 19:00,1.5673E+12,9588.74,9830,9520,9724.98,19545.40484,191324
9/1/2019 19:00,1.56738E+12,9723.59,10450,9712.5,10340,44740.24809,354155
9/2/2019 19:00,1.56747E+12,10340,10773,10272,10615.28,47998.37678,416076
9/3/2019 19:00,1.56756E+12,10611.85,10799,10369.89,10567.02,43943.88903,383457
9/4/2019 19:00,1.56764E+12,10565.92,10900,10450,10564.49,33970.96064,309846
9/5/2019 19:00,1.56773E+12,10563.13,10905.87,10150,10298.73,58799.64096,455334
9/6/2019 19:00,1.56781E+12,10298.71,10558,10288.57,10455.88,27637.87739,272011
9/7/2019 19:00,1.5679E+12,10455.9,10592.5,10208,10381.18,23984.67202,237752
9/8/2019 19:00,1.56799E+12,10381.24,10480,10068.5,10303.12,39835.72761,330459
9/9/2019 19:00,1.56807E+12,10302.58,10384.99,9953,10098.15,28915.41223,286763
9/10/2019 19:00,1.56816E+12,10098.19,10293,9880,10158.33,31953.82456,309120
9/11/2019 19:00,1.56825E+12,10158.75,10448.81,10040,10415.01,34511.16276,317881
9/12/2019 19:00,1.56833E+12,10415.01,10439,10153,10342.06,30280.33978,304947
9/13/2019 19:00,1.56842E+12,10344.13,10419.99,10222.33,10335.02,23621.53352,253929
9/14/2019 19:00,1.56851E+12,10332.81,10360,10252.15,10302.01,18047.65401,194733
9/15/2019 19:00,1.56859E+12,10303.34,10355,10078,10251.31,28971.40166,274368
9/16/2019 19:00,1.56868E+12,10249.68,10275,10128.01,10187.82,22914.32456,287483
9/17/2019 19:00,1.56876E+12,10187.48,10258.02,10100,10156.99,24250.2493,299466
9/18/2019 19:00,1.56885E+12,10156.41,10325,9653,10244.29,44826.28258,429727
9/19/2019 19:00,1.56894E+12,10243.7,10281,10061.39,10168.59,25088.49107,267032
9/20/2019 19:00,1.56902E+12,10167.92,10176.7,9900,9986.39,20544.1752,245439
9/21/2019 19:00,1.56911E+12,9985.15,10089,9853.97,10028.87,22049.27526,253713
9/22/2019 19:00,1.5692E+12,10028.05,10049.99,9615.77,9702.25,31937.23236,332817
9/23/2019 19:00,1.56928E+12,9702.2,9794.99,7800,8493.14,94007.3452,748712
9/24/2019 19:00,1.56937E+12,8497.55,8730,8215.64,8430.05,60783.89226,544806
9/25/2019 19:00,1.56946E+12,8430.05,8465.99,7750,8063.73,67930.85375,522062
9/26/2019 19:00,1.56954E+12,8063.49,8265,7852.15,8177.91,43882.92463,369518
9/27/2019 19:00,1.56963E+12,8177.47,8315,8001.09,8198.81,34473.60517,319113
9/28/2019 19:00,1.56972E+12,8199.38,8229.13,7890,8043.82,31544.21139,322501
9/29/2019 19:00,1.5698E+12,8043.04,8337.26,7710,8289.34,55865.48726,455556
9/30/2019 19:00,1.56989E+12,8289.97,8500,8173.05,8292.44,43472.41809,387653
10/1/2019 19:00,1.56997E+12,8292.67,8373.91,8151.22,8359.94,26243.38664,261430
10/2/2019 19:00,1.57006E+12,8360,8393,8060,8223.96,30488.28406,281307
10/3/2019 19:00,1.57015E+12,8224.43,8232.41,8005,8137.13,26476.3304,259012
10/4/2019 19:00,1.57023E+12,8137.09,8183.41,8012.98,8126.19,21907.61556,237769
10/5/2019 19:00,1.57032E+12,8127.55,8153.87,7785,7854.25,34676.10405,325795
10/6/2019 19:00,1.57041E+12,7855.3,8299.92,7762,8190.09,52202.0723,482605
10/7/2019 19:00,1.57049E+12,8190.82,8325,8088.75,8168.39,35452.65742,395685
10/8/2019 19:00,1.57058E+12,8170.79,8670,8115,8560.74,55038.70438,537805
10/9/2019 19:00,1.57067E+12,8562.15,8644,8414.52,8558.03,39137.94617,406932
10/10/2019 19:00,1.57075E+12,8557.82,8779.51,8212.38,8258.5,50405.28442,471818
10/11/2019 19:00,1.57084E+12,8257.95,8400,8250,8300.09,21339.3341,280633
10/12/2019 19:00,1.57092E+12,8301.98,8451.37,8160,8275.01,27840.73995,320051
10/13/2019 19:00,1.57101E+12,8275.24,8388.85,8203,8348.2,29810.66325,345679
10/14/2019 19:00,1.5711E+12,8346.86,8403,8090,8159.29,32773.06248,399447
10/15/2019 19:00,1.57118E+12,8159.3,8181.16,7917,7991.74,34733.59397,421026
10/16/2019 19:00,1.57127E+12,7995.02,8124.92,7929.03,8070.58,29656.94916,356490
10/17/2019 19:00,1.57136E+12,8070.71,8115,7816.01,7947.01,31353.18142,399783
10/18/2019 19:00,1.57144E+12,7946.89,8098.1,7866.92,7948.01,26627.88939,349746
10/19/2019 19:00,1.57153E+12,7949.87,8297,7870,8223.35,34286.45265,396091
10/20/2019 19:00,1.57162E+12,8223.35,8333,8142.03,8197.27,30448.67954,367169
10/21/2019 19:00,1.5717E+12,8197.28,8297.99,8000,8020,34651.82866,384699
10/22/2019 19:00,1.57179E+12,8020.06,8047.59,7300,7466.62,63897.4571,610241
10/23/2019 19:00,1.57188E+12,7468.47,7503.68,7337.99,7412.41,32714.38327,403778
10/24/2019 19:00,1.57196E+12,7412.41,8799,7361,8655.02,90748.21817,775418
10/25/2019 19:00,1.57205E+12,8655.88,10370,8470.38,9230,162588.5854,1185369
10/26/2019 19:00,1.57213E+12,9230,9794.98,9074.34,9529.93,93833.5416,799978
10/27/2019 19:00,1.57222E+12,9528.23,9902.1,9160,9205.14,80174.21732,681128
10/28/2019 19:00,1.57231E+12,9204.45,9550,9072,9407.62,64158.46245,559589
10/29/2019 19:00,1.57239E+12,9407.62,9409.84,9001.01,9154.72,55241.78643,524035
10/30/2019 19:00,1.57248E+12,9154.02,9405,8913,9140.85,54376.0249,490183
10/31/2019 19:00,1.57257E+12,9140.86,9279,9030,9231.61,43594.81412,478002
11/1/2019 19:00,1.57265E+12,9231.4,9373.74,9186.21,9289.52,28923.06083,325421
11/2/2019 19:00,1.57274E+12,9289.85,9362.57,9066.14,9194.71,27894.37828,326024
11/3/2019 19:00,1.57283E+12,9196.46,9513.68,9115.84,9393.35,45894.45628,453749
11/4/2019 19:00,1.57291E+12,9392.4,9454.95,9175.76,9308.66,45935.87367,492885
11/5/2019 19:00,1.573E+12,9307.73,9440.91,9250.01,9339.05,37336.17037,402997
11/6/2019 19:00,1.57308E+12,9339.16,9375,9101,9216.2,39117.47085,401984
11/7/2019 19:00,1.57317E+12,9214,9261,8696,8773.73,62107.28924,567331
11/8/2019 19:00,1.57326E+12,8773.74,8880,8724.88,8809.41,29469.48141,326730
11/9/2019 19:00,1.57334E+12,8809.18,9147.19,8750,9039.47,34422.0298,375946
11/10/2019 19:00,1.57343E+12,9040.16,9072.32,8618.68,8733.27,44888.05355,415982
11/11/2019 19:00,1.57352E+12,8733.36,8888,8567.6,8821.94,40366.62947,406765
11/12/2019 19:00,1.5736E+12,8821.91,8844.99,8702,8777.12,26810.11692,281593
11/13/2019 19:00,1.57369E+12,8777.54,8800,8582.6,8646.68,33468.46896,337019
11/14/2019 19:00,1.57378E+12,8646.38,8790,8400,8471.73,46087.41775,423919
11/15/2019 19:00,1.57386E+12,8471.62,8543,8400,8491.02,20902.29975,231473
11/16/2019 19:00,1.57395E+12,8490.74,8635,8350.68,8502.4,27009.03708,259594
11/17/2019 19:00,1.57404E+12,8502.87,8503.52,8060,8187.17,43017.69094,366263
11/18/2019 19:00,1.57412E+12,8186.5,8218.63,8003,8133.64,43556.06103,357382
11/19/2019 19:00,1.57421E+12,8133.83,8264.29,8038.4,8098.01,32466.23098,288843
11/20/2019 19:00,1.57429E+12,8098.56,8134.73,7500,7627.74,58418.78026,430062
11/21/2019 19:00,1.57438E+12,7627.79,7750,6790,7268.23,126603.1403,817604
11/22/2019 19:00,1.57447E+12,7268.23,7344.48,7080.01,7311.57,50449.89476,414045
11/23/2019 19:00,1.57455E+12,7311.1,7330.39,6861,6903.28,67890.20648,446014
11/24/2019 19:00,1.57464E+12,6900.23,7377.69,6515,7109.57,119645.7352,679721
11/25/2019 19:00,1.57473E+12,7109.99,7340,7017.48,7156.14,65722.39769,433933
11/26/2019 19:00,1.57481E+12,7154.75,7655,6840,7508.52,92452.87349,582055
11/27/2019 19:00,1.5749E+12,7507.9,7643,7360,7419.49,56933.98111,388953
11/28/2019 19:00,1.57499E+12,7418.52,7850,7362.3,7739.68,60745.30087,412929
11/29/2019 19:00,1.57507E+12,7740.99,7810,7441,7541.89,46989.43362,346506
11/30/2019 19:00,1.57516E+12,7540.63,7541.85,7210,7390.89,60769.34231,420573
12/1/2019 19:00,1.57524E+12,7391.5,7420.56,7151.1,7294.28,46330.25604,326881
12/2/2019 19:00,1.57533E+12,7294.42,7400,7241.35,7292.71,33149.47749,265391
12/3/2019 19:00,1.57542E+12,7292.71,7750,7067,7194.32,83147.14914,516158
12/4/2019 19:00,1.5755E+12,7194.59,7485,7150,7389,59306.67886,430359
12/5/2019 19:00,1.57559E+12,7389,7590.03,7305,7527.47,48189.08794,367854
12/6/2019 19:00,1.57568E+12,7527.8,7619.62,7470.16,7488.21,31498.68417,263592
12/7/2019 19:00,1.57576E+12,7487.31,7564,7374.86,7510.11,29856.89763,257514
12/8/2019 19:00,1.57585E+12,7510.11,7650,7273,7338.64,46621.88749,359648
12/9/2019 19:00,1.57594E+12,7338.64,7407.6,7157.1,7224.13,49723.76214,439637
12/10/2019 19:00,1.57602E+12,7224.15,7275.5,7125.66,7210,30093.09194,268269
12/11/2019 19:00,1.57611E+12,7210,7295,7080.3,7198.08,42288.60093,331414
12/12/2019 19:00,1.5762E+12,7197.76,7309.05,7190.76,7258.48,27609.8738,252135
12/13/2019 19:00,1.57628E+12,7257.37,7271.77,7012,7064.05,29561.98597,276819
12/14/2019 19:00,1.57637E+12,7064.14,7200.3,7008.35,7118.59,26395.77814,262651
12/15/2019 19:00,1.57645E+12,7119.6,7150,6836,6891.72,43863.99306,371202
12/16/2019 19:00,1.57654E+12,6891.44,6942.21,6560,6623.82,53865.06993,454097
12/17/2019 19:00,1.57663E+12,6623.84,7440,6435,7277.83,95636.65125,714073
12/18/2019 19:00,1.57671E+12,7277.83,7380,7038.31,7150.3,55509.04908,439761
12/19/2019 19:00,1.5768E+12,7151.31,7220,7079.5,7187.83,32132.06921,312766
12/20/2019 19:00,1.57689E+12,7188.01,7190.58,7105,7132.75,19467.17403,212162
12/21/2019 19:00,1.57697E+12,7131.59,7518.54,7122.47,7501.44,39137.45515,356612
12/22/2019 19:00,1.57706E+12,7500.71,7695.38,7265.84,7317.09,68051.9972,530669
12/23/2019 19:00,1.57715E+12,7317.3,7436.68,7157.04,7255.77,43629.49419,384678
12/24/2019 19:00,1.57723E+12,7255.77,7271.77,7128.86,7204.63,27492.04432,289924
12/25/2019 19:00,1.57732E+12,7205.01,7435,7157.12,7202,36259.76108,337695
12/26/2019 19:00,1.5774E+12,7202,7275.86,7076.42,7254.74,33642.70186,297262
12/27/2019 19:00,1.57749E+12,7254.77,7365.01,7238.67,7316.14,26848.9822,272607
12/28/2019 19:00,1.57758E+12,7315.36,7528.45,7288,7388.24,31387.10609,283213
12/29/2019 19:00,1.57766E+12,7388.43,7408.24,7220,7246,29605.91178,279033
12/30/2019 19:00,1.57775E+12,7246,7320,7145.01,7195.23,25954.45353,251976
12/31/2019 19:00,1.57784E+12,7195.24,7255,7175.15,7200.85,16792.38817,194010
1/1/2020 19:00,1.57792E+12,7200.77,7212.5,6924.74,6965.71,31951.48393,302667
1/2/2020 19:00,1.57801E+12,6965.49,7405,6871.04,7344.96,68428.50045,519854
1/3/2020 19:00,1.5781E+12,7345,7404,7272.21,7354.11,29987.97498,279370
1/4/2020 19:00,1.57818E+12,7354.19,7495,7318,7358.75,38331.0856,329209
1/5/2020 19:00,1.57827E+12,7357.64,7795.34,7346.76,7758,54635.69532,449937
1/6/2020 19:00,1.57836E+12,7758.9,8207.68,7723.71,8145.28,91171.68466,685315
1/7/2020 19:00,1.57844E+12,8145.92,8455,7870,8055.98,112622.6426,830375
1/8/2020 19:00,1.57853E+12,8054.72,8055.96,7750,7817.76,64239.51983,478800
1/9/2020 19:00,1.57861E+12,7817.74,8199,7672,8197.02,82406.77745,606101
1/10/2020 19:00,1.5787E+12,8198.86,8286.34,8003.16,8020.01,54810.03267,469131
1/11/2020 19:00,1.57879E+12,8020.01,8197,7960,8184.98,38131.49434,350662
1/12/2020 19:00,1.57887E+12,8184.97,8196,8055.89,8110.34,31159.75568,289144
1/13/2020 19:00,1.57896E+12,8110.34,8880,8105.54,8810.01,120399.1267,915328
1/14/2020 19:00,1.57905E+12,8814.64,8916.48,8564,8821.41,84816.29761,764048
1/15/2020 19:00,1.57913E+12,8820.01,8859.81,8586,8720.01,51991.07428,543064
1/16/2020 19:00,1.57922E+12,8720.15,9041.65,8672.44,8913.28,70897.73738,676403
1/17/2020 19:00,1.57931E+12,8913.27,8988.88,8806.38,8915.96,38294.74655,458182
1/18/2020 19:00,1.57939E+12,8915.09,9198.98,8466,8701.7,70676.88926,615665
1/19/2020 19:00,1.57948E+12,8701.72,8746.99,8521.28,8642.35,38896.63975,385006
1/20/2020 19:00,1.57956E+12,8642.35,8789,8488,8736.03,36494.68766,365621
1/21/2020 19:00,1.57965E+12,8736.04,8818,8590,8682.36,29080.55714,317424
1/22/2020 19:00,1.57974E+12,8682.77,8691.81,8306.39,8404.52,48165.9446,464805
1/23/2020 19:00,1.57982E+12,8404.52,8528.02,8238,8439,41687.52953,407271
1/24/2020 19:00,1.57991E+12,8438.99,8451.26,8254.9,8340.58,25521.15793,283118
1/25/2020 19:00,1.58E+12,8340.01,8618.13,8293.66,8615,31130.48516,332612
1/26/2020 19:00,1.58008E+12,8614.39,9000,8535,8907.57,53973.543,514196
1/27/2020 19:00,1.58017E+12,8907.57,9400,8862.4,9374.21,74584.85377,616678
1/28/2020 19:00,1.58026E+12,9375.34,9449.24,9216,9301.53,53864.06512,492545
1/29/2020 19:00,1.58034E+12,9301.57,9578,9204.44,9513.21,60626.74426,529570
1/30/2020 19:00,1.58043E+12,9511.52,9530.22,9210.01,9352.89,45552.02235,428547
1/31/2020 19:00,1.58052E+12,9351.71,9464.53,9281,9384.61,28578.06735,334972
2/1/2020 19:00,1.5806E+12,9384.41,9477.03,9120,9331.51,45690.91254,446558
2/2/2020 19:00,1.58069E+12,9331.59,9618.79,9234,9292.24,50892.13345,492124
2/3/2020 19:00,1.58077E+12,9291.35,9350,9093.01,9197.02,53308.17527,528930
2/4/2020 19:00,1.58086E+12,9197.02,9744.45,9177.22,9612.04,64870.41562,661758
2/5/2020 19:00,1.58095E+12,9612.03,9862.57,9526.35,9772,64949.70659,682179
2/6/2020 19:00,1.58103E+12,9772,9885,9730,9813.73,43966.11463,582249
2/7/2020 19:00,1.58112E+12,9813.87,9940,9667.11,9895.05,43600.84367,514573
2/8/2020 19:00,1.58121E+12,9895.04,10166,9880.75,10151.75,43408.47562,536848
2/9/2020 19:00,1.58129E+12,10151.72,10188,9756,9851.83,59573.08462,690308
2/10/2020 19:00,1.58138E+12,9851.74,10323.59,9700,10223.08,62422.39522,710170
2/11/2020 19:00,1.58147E+12,10223.08,10450,10223.08,10326.46,61008.06393,857655
2/12/2020 19:00,1.58155E+12,10325.33,10500,10080,10229.63,79344.35876,932802
2/13/2020 19:00,1.58164E+12,10227.78,10381.56,10111.37,10344.36,47038.48017,622310
2/14/2020 19:00,1.58172E+12,10344.36,10375,9801,9904.72,57657.20295,739781
2/15/2020 19:00,1.58181E+12,9904.46,10050,9638.12,9917.27,60023.99954,708070
2/16/2020 19:00,1.5819E+12,9910.7,9964.16,9452.67,9706,70261.0119,778058
2/17/2020 19:00,1.58198E+12,9706,10250,9576.01,10164.71,70604.12402,723413
2/18/2020 19:00,1.58207E+12,10164.78,10250,9350,9593.79,55162.5869,588760
2/19/2020 19:00,1.58216E+12,9594.65,9699,9400,9596.42,60152.34291,667387
2/20/2020 19:00,1.58224E+12,9597.21,9755.51,9550.21,9677.05,42181.55452,470599
2/21/2020 19:00,1.58233E+12,9677.05,9709.17,9560.02,9650.86,24636.75762,319961
2/22/2020 19:00,1.58242E+12,9650.85,9990,9645,9936.4,37702.08984,441935
2/23/2020 19:00,1.5825E+12,9936.4,9990,9473.56,9656.13,55796.59612,589384
2/24/2020 19:00,1.58259E+12,9655.52,9675,9250,9315.84,54379.34455,579079
2/25/2020 19:00,1.58268E+12,9316.48,9377.44,8633.63,8785.25,92130.34548,871018
2/26/2020 19:00,1.58276E+12,8786,8971.77,8531,8823.21,72483.57876,696646
2/27/2020 19:00,1.58285E+12,8823.25,8900,8445,8692.91,71155.20898,655727
2/28/2020 19:00,1.58293E+12,8690.8,8790,8523.55,8523.61,36748.18304,414175
2/29/2020 19:00,1.58302E+12,8523.61,8750,8411,8531.88,43892.20178,472019
3/1/2020 19:00,1.58311E+12,8530.3,8965.75,8498,8915.24,60401.31773,564535
3/2/2020 19:00,1.58319E+12,8911.18,8919.65,8651,8760.07,55154.99728,512762
3/3/2020 19:00,1.58328E+12,8760.07,8848.29,8660,8750.87,38696.48258,454817
3/4/2020 19:00,1.58337E+12,8750.99,9159.42,8746.54,9054.68,58201.86636,619552
3/5/2020 19:00,1.58345E+12,9054.64,9170,8985.5,9131.88,43782.94804,493216
3/6/2020 19:00,1.58354E+12,9130.89,9188,8835,8886.66,45422.20453,485400
3/7/2020 19:00,1.58363E+12,8885.25,8886.76,8000,8033.31,77537.31517,740741
3/8/2020 19:00,1.58371E+12,8034.76,8179.31,7632.01,7929.87,116968.8633,929234
3/9/2020 19:00,1.5838E+12,7929.87,8149,7728.01,7894.56,86783.44388,737528
3/10/2020 19:00,1.58388E+12,7894.57,7980,7590,7934.52,79942.41117,699401
3/11/2020 19:00,1.58397E+12,7934.58,7966.17,4410,4800,261505.6087,1770812
3/12/2020 19:00,1.58406E+12,4800.01,5955,3782.13,5578.6,402201.6738,2309830
3/13/2020 19:00,1.58414E+12,5576.05,5640.52,5055.13,5172.06,136910.136,1106125
3/15/2020 19:00,1.58432E+12,5360.33,5365.42,4442.12,5028.97,227276.9228,1608176
3/16/2020 19:00,1.5844E+12,5028.86,5525,4921.45,5312.64,150089.9263,1069217
3/17/2020 19:00,1.58449E+12,5312.64,5436.17,5009.37,5393.04,137127.6349,962843
3/18/2020 19:00,1.58458E+12,5393.26,6400,5252.53,6162.37,199020.8734,1403608
3/19/2020 19:00,1.58466E+12,6162.05,6900,5670,6208.36,219298.3295,1580069
3/20/2020 19:00,1.58475E+12,6204.57,6456.98,5860.02,6186.98,128913.6684,990974
3/21/2020 19:00,1.58484E+12,6187.04,6407.87,5734.01,5816.19,119115.9905,952259
3/22/2020 19:00,1.58492E+12,5816.05,6600,5688,6467.31,164674.2158,1099406
3/23/2020 19:00,1.58501E+12,6465.25,6833,6371.33,6744.72,151138.0099,1012669
3/24/2020 19:00,1.58509E+12,6744.69,6957.96,6450,6677.43,132155.735,912179
3/25/2020 19:00,1.58518E+12,6677.42,6780,6510,6737.36,83026.55521,668467
3/26/2020 19:00,1.58527E+12,6737.27,6842.59,6261,6359.11,82914.96835,643631
3/27/2020 19:00,1.58535E+12,6359.11,6360,6024,6236.65,93159.69343,725588
3/28/2020 19:00,1.58544E+12,6236.65,6266,5866.56,5881.42,63311.62771,496709
3/29/2020 19:00,1.58553E+12,5880.5,6599,5857.76,6394.38,118889.55,784034
3/30/2020 19:00,1.58561E+12,6394.45,6523.23,6321.4,6410.44,72337.59526,538231
3/31/2020 19:00,1.5857E+12,6412.14,6679.94,6150.11,6642.92,97500.7524,758061
4/1/2020 19:00,1.58579E+12,6643.36,7198,6551,6794.09,149299.9069,1101043
4/2/2020 19:00,1.58587E+12,6793.86,7048,6602.1,6734.1,104080.2769,840456
4/3/2020 19:00,1.58596E+12,6732.97,6990.41,6650.01,6856.99,72990.86114,659051
4/4/2020 19:00,1.58604E+12,6857.41,6895.54,6677.52,6772.78,49685.35698,506433
4/5/2020 19:00,1.58613E+12,6772.78,7355.14,6765,7329.9,118052.0008,956586
4/6/2020 19:00,1.58622E+12,7329.9,7459.69,7077,7197.32,103585.1689,924436
4/7/2020 19:00,1.5863E+12,7197.32,7420,7150,7361.28,76059.14584,750516
4/8/2020 19:00,1.58639E+12,7360.26,7371.92,7108.08,7283.54,61094.87242,686207
4/9/2020 19:00,1.58648E+12,7283.54,7295.75,6739.98,6858.92,104674.6234,949050
4/10/2020 19:00,1.58656E+12,6858.92,6944.3,6760,6876.83,45470.29321,484618
4/11/2020 19:00,1.58665E+12,6876.84,7177,6780,6903.79,73868.6665,648323
4/12/2020 19:00,1.58674E+12,6903.79,6903.79,6575,6837.91,96415.47657,804179
4/13/2020 19:00,1.58682E+12,6838.04,6978,6754.28,6868.7,69068.62329,608665
4/14/2020 19:00,1.58691E+12,6868.57,6933,6605,6621.24,61571.38499,581374
4/15/2020 19:00,1.587E+12,6621.25,7190,6468.27,7101.94,125009.8575,971163
4/16/2020 19:00,1.58708E+12,7101.99,7148.12,6972.98,7027.55,54126.50976,537554
4/17/2020 19:00,1.58717E+12,7026.78,7293.08,7014.4,7248.6,49488.54282,494670
4/18/2020 19:00,1.58725E+12,7248.6,7266.15,7055.6,7120.74,45664.86393,483574
4/19/2020 19:00,1.58734E+12,7121.4,7220,6751,6826.83,90149.49137,785174
4/20/2020 19:00,1.58743E+12,6828.98,6940,6762,6841.37,60109.71081,555797
4/21/2020 19:00,1.58751E+12,6841.36,7156.38,6818,7125.14,61486.37733,508659
4/22/2020 19:00,1.5876E+12,7125.12,7738,7020,7482.39,102773.5696,881099
4/23/2020 19:00,1.58769E+12,7483.96,7615.96,7388,7505,60182.11994,601093
4/24/2020 19:00,1.58777E+12,7505,7705,7431.07,7538.67,43874.42773,521943
4/25/2020 19:00,1.58786E+12,7539.03,7700,7480,7693.1,50522.61621,554480
4/26/2020 19:00,1.58795E+12,7693.1,7792.02,7606,7774.62,65441.33958,637800
4/27/2020 19:00,1.58803E+12,7773.51,7780,7659.12,7738.98,46302.75264,499414
4/28/2020 19:00,1.58812E+12,7738.58,8952.89,7710.05,8778.57,183546.8875,1433128
4/29/2020 19:00,1.5882E+12,8778.58,9460,8401,8620,206277.2141,1661554
4/30/2020 19:00,1.58829E+12,8620,9059.18,8613.56,8826.96,91468.81506,865960
5/1/2020 19:00,1.58838E+12,8825.67,9010,8753,8972.05,59002.08755,637884
5/2/2020 19:00,1.58846E+12,8972.58,9200,8712,8894.16,90126.06564,877460
5/3/2020 19:00,1.58855E+12,8894.15,8950,8522,8871.96,84418.51233,848802
5/4/2020 19:00,1.58864E+12,8871.92,9118.58,8760,9021.83,76480.76534,812543
5/5/2020 19:00,1.58872E+12,9021.36,9395,8906.21,9142.92,105925.3024,1007661
5/6/2020 19:00,1.58881E+12,9143.4,10067,9021,9986.4,147154.6114,1254835
5/7/2020 19:00,1.5889E+12,9986.3,10035.96,9705,9800.01,100683.7964,967816
5/8/2020 19:00,1.58898E+12,9800.02,9914.25,9520,9539.4,81950.67957,839384
5/9/2020 19:00,1.58907E+12,9539.1,9574.83,8117,8722.77,183865.182,1565771
5/10/2020 19:00,1.58916E+12,8722.77,9168,8200,8561.52,168807.2518,1367382
5/11/2020 19:00,1.58924E+12,8562.04,8978.26,8528.78,8810.79,86522.78007,784859
5/12/2020 19:00,1.58933E+12,8810.99,9398,8792.99,9309.37,92466.27402,869216
5/13/2020 19:00,1.58941E+12,9309.35,9939,9256.76,9791.98,129565.3775,1199530
5/14/2020 19:00,1.5895E+12,9791.97,9845.62,9150,9316.42,115890.7615,1055630
5/15/2020 19:00,1.58959E+12,9315.96,9588,9220,9381.27,59587.62786,692028
5/16/2020 19:00,1.58967E+12,9380.81,9888,9322.1,9680.04,68647.76432,722718
5/17/2020 19:00,1.58976E+12,9681.11,9950,9464.23,9733.93,82006.60358,794292
5/18/2020 19:00,1.58985E+12,9733.93,9897.21,9474,9775.53,78539.76045,773581
5/19/2020 19:00,1.58993E+12,9775.13,9842,9326,9511.43,74923.73809,731189
5/20/2020 19:00,1.59002E+12,9511.43,9578.47,8815,9068.65,108928.781,951971
5/21/2020 19:00,1.59011E+12,9067.51,9271,8933.52,9170,58943.13102,693694
5/22/2020 19:00,1.59019E+12,9170,9307.85,9070,9179.15,43526.29697,512460
5/23/2020 19:00,1.59028E+12,9179.01,9298,8700,8720.34,70379.86645,774088
5/24/2020 19:00,1.59036E+12,8718.14,8979.66,8642.72,8900.35,62833.91095,733557
5/25/2020 19:00,1.59045E+12,8900.35,9017.67,8700,8841.18,58299.77014,678304
5/26/2020 19:00,1.59054E+12,8841,9225,8811.73,9204.07,68910.35551,662850
5/27/2020 19:00,1.59062E+12,9204.07,9625.47,9110,9575.89,74110.78766,738725
5/28/2020 19:00,1.59071E+12,9575.87,9605.26,9330,9427.07,57374.36296,593705
5/29/2020 19:00,1.5908E+12,9426.6,9740,9331.23,9697.72,55665.27254,651290
5/30/2020 19:00,1.59088E+12,9697.72,9700,9381.41,9448.27,48333.7864,651473
5/31/2020 19:00,1.59097E+12,9448.27,10380,9421.67,10200.77,76649.12696,826964
6/1/2020 19:00,1.59106E+12,10202.71,10228.99,9266,9518.04,108970.7732,1004312
6/2/2020 19:00,1.59114E+12,9518.02,9690,9365.21,9666.24,46252.64494,562784
6/3/2020 19:00,1.59123E+12,9666.32,9881.63,9450,9789.06,57456.10097,665881
6/4/2020 19:00,1.59132E+12,9788.14,9854.75,9581,9621.16,47788.05005,566062
6/5/2020 19:00,1.5914E+12,9621.17,9735,9531.05,9666.3,32752.95089,435796
6/6/2020 19:00,1.59149E+12,9666.85,9802,9372.46,9746.99,57952.84839,637766
6/7/2020 19:00,1.59157E+12,9746.99,9800,9633,9782.01,40664.66413,485139
6/8/2020 19:00,1.59166E+12,9782,9877,9570,9772.43,46024.00129,551863
6/9/2020 19:00,1.59175E+12,9772.44,9992.72,9704.18,9885,47130.76298,560909
6/10/2020 19:00,1.59183E+12,9885.22,9964,9113,9280.4,94418.98473,966502
6/11/2020 19:00,1.59192E+12,9278.88,9557.12,9232.51,9465.13,50119.06693,553203
6/12/2020 19:00,1.59201E+12,9464.96,9494.73,9351,9473.34,27759.78485,392763
6/13/2020 19:00,1.59209E+12,9473.34,9480.99,9245,9342.1,30055.50661,415568
6/14/2020 19:00,1.59218E+12,9342.1,9495,8910.45,9426.02,86107.92471,839521
6/15/2020 19:00,1.59227E+12,9426.05,9589,9373.09,9525.59,52052.44693,543481
6/16/2020 19:00,1.59235E+12,9526.97,9565,9236.61,9465.14,48046.41115,536158
6/17/2020 19:00,1.59244E+12,9465.13,9489,9280,9386.32,37381.95377,475074
6/18/2020 19:00,1.59252E+12,9386.32,9438.3,9215.79,9310.23,45330.98367,503484
6/19/2020 19:00,1.59261E+12,9310.23,9395,9170.95,9358.95,30329.06538,382778
6/20/2020 19:00,1.5927E+12,9358.95,9422,9281.54,9294.69,24316.92623,321015
6/21/2020 19:00,1.59278E+12,9294.69,9780,9277.09,9685.69,57895.46834,588704
6/22/2020 19:00,1.59287E+12,9685.69,9720,9577.03,9624.89,41031.02938,474319
6/23/2020 19:00,1.59296E+12,9624.33,9670,9208,9296.49,61571.56146,572362
6/24/2020 19:00,1.59304E+12,9298.33,9340,9009.69,9249.49,55831.61916,536205
6/25/2020 19:00,1.59313E+12,9249.49,9298,9045.45,9162.21,50292.29828,510947
6/26/2020 19:00,1.59322E+12,9162.21,9196.24,8833,9012,46290.93011,499415
6/27/2020 19:00,1.5933E+12,9012,9191,8948.06,9116.35,30688.17642,374404
6/28/2020 19:00,1.59339E+12,9116.16,9238,9024.67,9192.56,42120.29326,434299
6/29/2020 19:00,1.59348E+12,9192.93,9205,9064.89,9138.55,31463.1628,328083
6/30/2020 19:00,1.59356E+12,9138.08,9292,9080.1,9232,38488.5287,374832
7/1/2020 19:00,1.59365E+12,9231.99,9261.96,8940,9086.54,45725.16808,470292
7/2/2020 19:00,1.59373E+12,9086.54,9125,9037.47,9058.26,28943.42018,343189
7/3/2020 19:00,1.59382E+12,9057.79,9190,9040.04,9135.46,26441.96848,335225
7/4/2020 19:00,1.59391E+12,9135,9145.24,8893.03,9069.41,34073.65363,384500
7/5/2020 19:00,1.59399E+12,9069.41,9375,9055.92,9344.2,54463.13228,533540
7/6/2020 19:00,1.59408E+12,9342.47,9379.42,9203,9257.39,34587.33668,433481
7/7/2020 19:00,1.59417E+12,9257.4,9470,9231,9436.06,56140.51778,652605
7/8/2020 19:00,1.59425E+12,9436.06,9440.79,9160,9232.43,48044.45065,575491
7/9/2020 19:00,1.59434E+12,9232.42,9317.48,9125,9288.34,38295.49401,525484
7/10/2020 19:00,1.59443E+12,9288.34,9299.28,9178.25,9234.03,22561.366,413452
7/11/2020 19:00,1.59451E+12,9234.02,9345,9157.5,9302.75,30872.70229,484875
7/12/2020 19:00,1.5946E+12,9303.31,9343.82,9200.89,9242.62,42740.06912,642552
7/13/2020 19:00,1.59468E+12,9242.61,9279.54,9113,9255.85,45772.55251,613139
7/14/2020 19:00,1.59477E+12,9255.85,9276.49,9160.57,9197.6,39053.57967,554780
7/15/2020 19:00,1.59486E+12,9197.6,9226.15,9047.25,9133.72,43375.57119,681807
7/16/2020 19:00,1.59494E+12,9133.72,9186.83,9089.81,9154.32,28054.35874,470991
7/17/2020 19:00,1.59503E+12,9154.31,9219.3,9121.1,9170.28,22554.54146,430377
7/18/2020 19:00,1.59512E+12,9170.3,9232.27,9101.35,9208.99,26052.01942,440449
7/19/2020 19:00,1.5952E+12,9208.99,9221.52,9131,9160.78,35458.76408,557096
7/20/2020 19:00,1.59529E+12,9160.78,9437.73,9152.8,9390,60413.58249,782959
7/21/2020 19:00,1.59538E+12,9390,9544,9261,9518.16,48815.00411,663029
7/22/2020 19:00,1.59546E+12,9518.16,9664,9440.33,9603.27,51856.2335,735371
7/23/2020 19:00,1.59555E+12,9603.27,9637,9463.44,9537.8,43931.13621,677725
7/24/2020 19:00,1.59564E+12,9538.1,9732.9,9513,9700.42,40679.54542,675222
7/25/2020 19:00,1.59572E+12,9700.42,10111,9650,9931.54,65279.26932,945611
7/26/2020 19:00,1.59581E+12,9931.54,11394.86,9917.21,11029.96,150188.9331,1901088
7/27/2020 19:00,1.59589E+12,11029.96,11242.23,10565,10906.27,97267.73419,1475636
7/28/2020 19:00,1.59598E+12,10906.27,11342.82,10812,11100.53,76838.09423,1127302
7/29/2020 19:00,1.59607E+12,11100.52,11170,10831,11099.61,60794.82646,879960
7/30/2020 19:00,1.59615E+12,11099.79,11444,10960,11335.46,70063.66097,971584
7/31/2020 19:00,1.59624E+12,11335.46,11861,11220,11801.17,85087.48513,1174252
8/1/2020 19:00,1.59633E+12,11801.17,12123.46,10518.5,11071.35,97553.0776,1459900
8/2/2020 19:00,1.59641E+12,11071.36,11473,10936,11219.81,56931.84148,919185
8/3/2020 19:00,1.5965E+12,11219.68,11414.98,11000,11191.97,58629.11371,863692
8/4/2020 19:00,1.59659E+12,11191.99,11780.93,11093,11744.91,74970.25685,964637
8/5/2020 19:00,1.59667E+12,11744.91,11900,11562.5,11762.46,63529.08502,919918
8/6/2020 19:00,1.59676E+12,11762.47,11909.94,11322,11594.23,65755.92602,940045
8/7/2020 19:00,1.59684E+12,11594.36,11808.27,11512,11761.41,41858.16104,779318
8/8/2020 19:00,1.59693E+12,11761.02,11797.11,11521.97,11681.68,41493.06734,853386
8/9/2020 19:00,1.59702E+12,11681.69,12067.35,11450,11892.92,84952.33789,1340835
8/10/2020 19:00,1.5971E+12,11892.9,11935,11125,11392.08,90748.28463,1343979
8/11/2020 19:00,1.59719E+12,11392.09,11617.52,11150,11564.33,64909.61364,1104096
8/12/2020 19:00,1.59728E+12,11564.34,11792.96,11270.36,11780,70132.4915,1243382
8/13/2020 19:00,1.59736E+12,11779.77,11850,11634.03,11760.54,59818.8527,1011746
8/14/2020 19:00,1.59745E+12,11760.55,11980,11680,11852.4,56237.90505,1018956
8/15/2020 19:00,1.59754E+12,11852.4,11931.72,11686,11911,41368.23691,790240
8/16/2020 19:00,1.59762E+12,11910.99,12468,11769.78,12281.13,84734.21154,1210228
8/17/2020 19:00,1.59771E+12,12281.15,12387.77,11817.93,11945.01,75923.83553,1189390
8/18/2020 19:00,1.5978E+12,11945.1,12020.08,11561,11754.59,73940.16961,1258060
8/19/2020 19:00,1.59788E+12,11754.38,11888,11668,11853.55,46085.25435,798027
8/20/2020 19:00,1.59797E+12,11853.54,11878,11485.81,11531.34,64448.30614,1189668
8/21/2020 19:00,1.59805E+12,11531.23,11686,11376.81,11662.96,43678.70165,809328
8/22/2020 19:00,1.59814E+12,11663.51,11718.07,11514.13,11648.13,37900.00469,627352
8/23/2020 19:00,1.59823E+12,11648.12,11824.9,11585.09,11748.2,46212.39187,656584
8/24/2020 19:00,1.59831E+12,11748.19,11767.85,11117.64,11318.42,69590.92327,996668
8/25/2020 19:00,1.5984E+12,11318.42,11539.32,11244,11461.43,53998.23123,862654
8/26/2020 19:00,1.59849E+12,11461.42,11592.2,11125,11330.38,63246.03638,959270
8/27/2020 19:00,1.59857E+12,11330.38,11542.65,11276.89,11526.91,45953.90837,719985
8/28/2020 19:00,1.59866E+12,11526.9,11580.02,11417.04,11465.84,32973.7992,611834
8/29/2020 19:00,1.59875E+12,11465.84,11719,11458,11711.16,43177.87905,756541
8/30/2020 19:00,1.59883E+12,11711.17,11800.77,11570,11649.51,55353.61774,822062
8/31/2020 19:00,1.59892E+12,11649.51,12050.85,11515,11921.97,78148.19367,1321492
9/1/2020 19:00,1.599E+12,11921.97,11954.57,11160.1,11388.54,87221.8456,1373524
9/2/2020 19:00,1.59909E+12,11388.54,11462.6,9960.8,10140.85,121950.106,1611610
9/3/2020 19:00,1.59918E+12,10138.29,10627.05,9875.5,10446.25,92733.59911,1434860
9/4/2020 19:00,1.59926E+12,10446.25,10565.68,9825,10166.69,90001.60557,1476782
9/5/2020 19:00,1.59935E+12,10166.69,10347.14,9994.86,10256.2,56368.78882,1053192
9/6/2020 19:00,1.59944E+12,10255.89,10410.75,9875,10373.44,62620.23068,927363
9/7/2020 19:00,1.59952E+12,10373.45,10438,9850,10126.65,73491.87842,1048125
9/8/2020 19:00,1.59961E+12,10126.66,10343,9981.01,10219.2,49347.11378,755560
9/9/2020 19:00,1.5997E+12,10219.29,10483.35,10070.83,10336.87,58253.75375,851877
9/10/2020 19:00,1.59978E+12,10336.86,10397.6,10200,10387.89,43830.25447,637869
9/11/2020 19:00,1.59987E+12,10387.89,10477.97,10269.25,10440.92,35379.1531,577724
9/12/2020 19:00,1.59996E+12,10440.67,10580.11,10200,10332.83,43837.60987,692439
9/13/2020 19:00,1.60004E+12,10332.84,10750,10212.34,10671.77,67059.29136,828957
9/14/2020 19:00,1.60013E+12,10671.77,10930.04,10606.48,10785.31,61822.45279,893852
9/15/2020 19:00,1.60021E+12,10785.23,11093,10661.22,10954.01,64991.51244,884153
9/16/2020 19:00,1.6003E+12,10954.01,11045.46,10745.83,10939.99,55601.61453,829137
9/17/2020 19:00,1.60039E+12,10940,11038.03,10812.84,10933.39,47266.72828,717371
9/18/2020 19:00,1.60047E+12,10933.4,11179.79,10887.37,11080.65,38440.03686,620127
9/19/2020 19:00,1.60056E+12,11080.64,11080.64,10723,10920.28,39157.92257,646329
9/20/2020 19:00,1.60065E+12,10920.28,10988.86,10296.35,10417.22,70683.43118,1028531
9/21/2020 19:00,1.60073E+12,10417.22,10572.71,10353,10529.61,43991.23548,738576
9/22/2020 19:00,1.60082E+12,10529.61,10537.15,10136.82,10241.46,51876.56808,774391
9/23/2020 19:00,1.60091E+12,10241.46,10795.24,10190.93,10736.32,57676.61943,789282
9/24/2020 19:00,1.60099E+12,10736.33,10760.53,10556.24,10686.67,48101.11701,733430
9/25/2020 19:00,1.60108E+12,10686.57,10820.94,10644.68,10728.6,28420.83666,502670
9/26/2020 19:00,1.60116E+12,10728.59,10799,10594.82,10774.25,30549.48325,516004
9/27/2020 19:00,1.60125E+12,10774.26,10950,10626,10696.12,50095.25173,686664
9/28/2020 19:00,1.60134E+12,10696.11,10867.54,10635.87,10840.48,41874.8984,587576
9/29/2020 19:00,1.60142E+12,10840.58,10849.34,10665.13,10776.59,39596.02732,595383
9/30/2020 19:00,1.60151E+12,10776.59,10920,10437,10619.13,60866.33289,794855
10/2/2020 19:00,1.60168E+12,10570.4,10603.56,10496.46,10542.06,22298.22134,381329
10/3/2020 19:00,1.60177E+12,10542.07,10696.87,10517.87,10666.63,23212.0016,377553
10/4/2020 19:00,1.60186E+12,10666.62,10798,10615.64,10792.21,34025.76165,483340
10/5/2020 19:00,1.60194E+12,10792.2,10800,10525,10599.66,48674.74047,734526
10/6/2020 19:00,1.60203E+12,10599.65,10681.87,10546.17,10666.39,32811.99028,503440
10/7/2020 19:00,1.60212E+12,10666.4,10950,10530.41,10925.57,51959.69157,659291
10/8/2020 19:00,1.6022E+12,10925.44,11104.64,10829,11050.64,48240.07324,635681
10/9/2020 19:00,1.60229E+12,11050.64,11491,11050.51,11293.22,43648.03694,698561
10/10/2020 19:00,1.60237E+12,11293.22,11445,11221,11369.02,29043.85134,509714
10/11/2020 19:00,1.60246E+12,11369.02,11720.01,11172,11528.25,52825.28371,740823
10/12/2020 19:00,1.60255E+12,11528.24,11557,11300,11420.56,42205.28371,618262
10/13/2020 19:00,1.60263E+12,11420.57,11547.98,11280,11417.89,41415.10602,590025
10/14/2020 19:00,1.60272E+12,11417.89,11617.34,11250.83,11505.12,48760.71768,662386
10/15/2020 19:00,1.60281E+12,11505.13,11541.15,11200,11319.32,48797.7495,693210
10/16/2020 19:00,1.60289E+12,11319.24,11402.42,11255,11360.2,22368.91524,365973
10/17/2020 19:00,1.60298E+12,11360.31,11505,11346.22,11503.14,23284.04119,346946
10/18/2020 19:00,1.60307E+12,11503.14,11823.99,11407.96,11751.47,47414.53469,650960
10/19/2020 19:00,1.60315E+12,11751.46,12038.38,11677.59,11909.99,62134.75066,906111
10/20/2020 19:00,1.60324E+12,11910,13217.68,11886.95,12780.96,114584.4568,1453620
10/21/2020 19:00,1.60332E+12,12780.75,13185,12678.08,12968.52,70038.82414,1035811
10/22/2020 19:00,1.60341E+12,12968.84,13027.69,12720.08,12923.07,50386.99984,699313
10/23/2020 19:00,1.6035E+12,12923.06,13166.73,12870,13111.73,35952.20907,536821
10/24/2020 19:00,1.60358E+12,13111.73,13350,12888,13028.83,38481.5795,610498
10/25/2020 19:00,1.60367E+12,13029.64,13238.81,12765,13052.19,60951.67299,818144
10/26/2020 19:00,1.60376E+12,13052.15,13789.29,13019.87,13636.17,80796.554,1003550
10/27/2020 19:00,1.60384E+12,13636.16,13859.48,12888,13266.4,94440.56123,1234511
10/28/2020 19:00,1.60393E+12,13266.4,13642.91,12920.77,13455.7,74872.60213,1008433
10/29/2020 19:00,1.60402E+12,13455.69,13669.98,13115,13560.1,70657.77888,1060387
10/30/2020 19:00,1.6041E+12,13560.1,14100,13411.5,13791,67339.23852,1022202
10/31/2020 19:00,1.60419E+12,13791,13895,13603,13761.5,36285.64853,606248
11/1/2020 19:00,1.60428E+12,13761.49,13830,13195.05,13549.37,64566.42191,869850
11/2/2020 19:00,1.60436E+12,13549.63,14066.11,13284.99,14023.53,74115.63079,1052569
11/3/2020 19:00,1.60445E+12,14023.53,14259,13525,14144.01,93016.98826,1212959
11/4/2020 19:00,1.60453E+12,14144.01,15750,14093.56,15590.02,143741.5227,1736055
11/5/2020 19:00,1.60462E+12,15590.02,15960,15166,15579.92,122618.1977,1654968
11/6/2020 19:00,1.60471E+12,15579.93,15753.52,14344.22,14818.3,101431.2066,1557021
11/7/2020 19:00,1.60479E+12,14818.3,15650,14703.88,15475.1,65547.17857,998773
11/8/2020 19:00,1.60488E+12,15475.1,15840,14805.54,15328.41,108976.3341,1505441
11/9/2020 19:00,1.60497E+12,15328.41,15460,15072.46,15297.21,61681.91961,1093466
11/10/2020 19:00,1.60505E+12,15297.21,15965,15272.68,15684.24,78469.74646,1247167
11/11/2020 19:00,1.60514E+12,15684.25,16340.7,15440.64,16291.86,102196.3566,1472049
11/12/2020 19:00,1.60523E+12,16291.85,16480,15952.35,16320.7,75691.88101,1208773
11/13/2020 19:00,1.60531E+12,16320.04,16326.99,15670,16070.45,59116.34718,931424
11/14/2020 19:00,1.6054E+12,16069.56,16180,15774.72,15957,43596.84151,854441
11/15/2020 19:00,1.60548E+12,15957,16880,15864,16713.57,81300.67592,1202386
11/16/2020 19:00,1.60557E+12,16713.08,17858.82,16538,17659.38,115221.4031,1646652
11/17/2020 19:00,1.60566E+12,17659.38,18476.93,17214.45,17776.12,149019.7881,2091832
11/18/2020 19:00,1.60574E+12,17777.75,18179.8,17335.65,17802.82,93009.56101,1513304
11/19/2020 19:00,1.60583E+12,17802.81,18815.22,17740.04,18655.67,88423.01849,1444692
11/20/2020 19:00,1.60592E+12,18655.66,18965.9,18308.58,18703.8,75577.45839,1451352
11/21/2020 19:00,1.606E+12,18703.8,18750,17610.86,18414.43,81645.73778,1528524
11/22/2020 19:00,1.60609E+12,18413.88,18766,18000,18368,82961.50609,1629379
11/23/2020 19:00,1.60618E+12,18368.01,19418.97,18018,19160.01,113581.5092,2179862
11/24/2020 19:00,1.60626E+12,19160,19484.21,18500.27,18719.11,93266.57689,1785408
11/25/2020 19:00,1.60635E+12,18718.83,18915.03,16188,17149.47,181005.2467,2770483
11/26/2020 19:00,1.60644E+12,17149.47,17457.62,16438.08,17139.52,85297.02479,1572299
11/27/2020 19:00,1.60652E+12,17139.53,17880.49,16865.56,17719.85,64910.69997,1209385
11/28/2020 19:00,1.60661E+12,17719.84,18360.05,17517,18184.99,55329.0163,1141289
11/29/2020 19:00,1.60669E+12,18185,19863.16,18184.99,19695.87,115463.4669,1744149
11/30/2020 19:00,1.60678E+12,19695.87,19888,18001.12,18764.96,127698.7627,2023802
12/1/2020 19:00,1.60687E+12,18764.96,19342,18330,19204.09,75911.01348,1566635
12/2/2020 19:00,1.60695E+12,19204.08,19598,18867.2,19421.9,66689.39128,1242229
12/3/2020 19:00,1.60704E+12,19422.34,19527,18565.31,18650.52,71283.6682,1286657
12/4/2020 19:00,1.60713E+12,18650.51,19177,18500,19147.66,42922.74857,932124
12/5/2020 19:00,1.60721E+12,19147.66,19420,18857,19359.4,37043.09186,820382
12/6/2020 19:00,1.6073E+12,19358.67,19420.91,18902.88,19166.9,41372.29629,840954
12/7/2020 19:00,1.60739E+12,19166.9,19294.84,18200,18324.11,61626.94761,1143181
12/8/2020 19:00,1.60747E+12,18324.11,18639.57,17650,18541.28,79585.5538,1302476
12/9/2020 19:00,1.60756E+12,18541.29,18557.32,17911.12,18254.63,52890.67509,891151
12/10/2020 19:00,1.60764E+12,18254.81,18292.73,17572.33,18036.53,72610.72426,1117810
12/11/2020 19:00,1.60773E+12,18036.53,18948.66,18020.7,18808.69,49519.97843,891810
12/12/2020 19:00,1.60782E+12,18808.69,19411,18711.12,19174.99,56560.82174,938022
12/13/2020 19:00,1.6079E+12,19174.99,19349,19000,19273.14,47257.20129,842382
12/14/2020 19:00,1.60799E+12,19273.69,19570,19050,19426.43,61834.36601,1046423
12/15/2020 19:00,1.60808E+12,19426.43,21560,19278.6,21335.52,114306.3356,1659135
12/16/2020 19:00,1.60816E+12,21335.52,23800,21230,22797.16,184882.4767,2795084
12/17/2020 19:00,1.60825E+12,22797.15,23285.18,22350,23107.39,79646.13432,1613775
12/18/2020 19:00,1.60834E+12,23107.39,24171.47,22750,23821.61,86045.06468,1678611
12/19/2020 19:00,1.60842E+12,23821.6,24295,23060,23455.52,76690.14569,1743225
12/20/2020 19:00,1.60851E+12,23455.54,24102.77,21815,22719.71,88030.29724,1593949
12/21/2020 19:00,1.6086E+12,22719.88,23837.1,22353.4,23810.79,87033.12616,1496277
12/22/2020 19:00,1.60868E+12,23810.79,24100,22600,23232.76,119047.2597,2194611
12/23/2020 19:00,1.60877E+12,23232.39,23794.43,22703.42,23729.2,69013.83425,1421257
12/24/2020 19:00,1.60885E+12,23728.99,24789.86,23433.6,24712.47,79519.94357,1504426
12/25/2020 19:00,1.60894E+12,24712.47,26867.03,24500,26493.39,97806.51339,1735574
12/26/2020 19:00,1.60903E+12,26493.4,28422,25700,26281.66,148455.5862,2438493
12/27/2020 19:00,1.60911E+12,26281.54,27500,26101,27079.41,79721.7425,1508204
12/28/2020 19:00,1.6092E+12,27079.42,27410,25880,27385,69411.59261,1605166
12/29/2020 19:00,1.60929E+12,27385,28996,27320,28875.54,95356.05783,1916095
12/30/2020 19:00,1.60937E+12,28875.55,29300,27850,28923.63,75508.50515,1552793
12/31/2020 19:00,1.60946E+12,28923.63,29600,28624.57,29331.69,54182.92501,1314910
1/1/2021 19:00,1.60955E+12,29331.7,33300,28946.53,32178.33,129993.8734,2245922
1/2/2021 19:00,1.60963E+12,32176.45,34778.11,31962.99,33000.05,120957.5668,2369698
1/3/2021 19:00,1.60972E+12,33000.05,33600,28130,31988.71,140899.8857,2642408
1/4/2021 19:00,1.6098E+12,31989.75,34360,29900,33949.53,116049.997,2526851
1/5/2021 19:00,1.60989E+12,33949.53,36939.21,33288,36769.36,127139.2013,2591783
1/6/2021 19:00,1.60998E+12,36769.36,40365,36300,39432.28,132825.7004,2814686
1/7/2021 19:00,1.61006E+12,39432.48,41950,36500,40582.81,139789.9575,2925632
1/8/2021 19:00,1.61015E+12,40586.96,41380,38720,40088.22,75785.97968,1998156
1/9/2021 19:00,1.61024E+12,40088.22,41350,35111.11,38150.02,118209.5445,2628050
1/10/2021 19:00,1.61032E+12,38150.02,38264.74,30420,35404.47,249131.5399,4431451
1/11/2021 19:00,1.61041E+12,35410.37,36628,32531,34051.24,133948.152,2674145
1/12/2021 19:00,1.6105E+12,34049.15,37850,32380,37371.38,124477.9149,2514289
1/13/2021 19:00,1.61058E+12,37371.38,40100,36701.23,39144.5,102950.3894,2297466
1/14/2021 19:00,1.61067E+12,39145.21,39747.76,34408,36742.22,118300.9209,2560801
1/15/2021 19:00,1.61076E+12,36737.43,37950,35357.8,35994.98,86348.43151,2066363
1/16/2021 19:00,1.61084E+12,35994.98,36852.5,33850,35828.61,80157.72738,1860642
1/17/2021 19:00,1.61093E+12,35824.99,37469.83,34800,36631.27,70698.11875,1707766
1/18/2021 19:00,1.61101E+12,36622.46,37850,35844.06,35891.49,79611.30777,1939371
1/19/2021 19:00,1.6111E+12,35901.94,36415.31,33400,35468.23,89368.42292,2234539
1/20/2021 19:00,1.61119E+12,35468.23,35600,30071,30850.13,131803.1829,2820752
1/21/2021 19:00,1.61127E+12,30851.99,33826.53,28850,32945.17,142971.684,2707810
1/22/2021 19:00,1.61136E+12,32950,33456,31390.16,32078,64595.28768,1700056
1/23/2021 19:00,1.61145E+12,32078,33071,30900,32259.9,57978.03797,1528287
1/24/2021 19:00,1.61153E+12,32259.45,34875,31910,32254.2,88499.22692,2106548
1/25/2021 19:00,1.61162E+12,32254.19,32921.88,30837.37,32467.77,84972.20691,2010392
1/26/2021 19:00,1.61171E+12,32464.01,32557.29,29241.72,30366.15,95911.96171,2065953
1/27/2021 19:00,1.61179E+12,30362.19,33783.98,29842.1,33364.86,92621.14562,2060660
1/28/2021 19:00,1.61188E+12,33368.18,38531.9,31915.4,34252.2,231827.0056,4403349
1/29/2021 19:00,1.61196E+12,34246.28,34933,32825,34262.88,84889.68134,2201040
1/30/2021 19:00,1.61205E+12,34262.89,34342.69,32171.67,33092.98,68742.28038,1707064
1/31/2021 19:00,1.61214E+12,33092.97,34717.27,32296.16,33526.37,82718.27688,1810492
2/1/2021 19:00,1.61222E+12,33517.09,35984.33,33418,35466.24,78056.65988,1789672
2/2/2021 19:00,1.61231E+12,35472.71,37662.63,35362.38,37618.87,80784.33366,1881740
2/3/2021 19:00,1.6124E+12,37620.26,38708.27,36161.95,36936.66,92080.7359,2211866
2/4/2021 19:00,1.61248E+12,36936.65,38310.12,36570,38290.24,66681.33428,1853253
2/5/2021 19:00,1.61257E+12,38289.32,40955.51,38215.94,39186.94,98757.31118,2291646
2/6/2021 19:00,1.61266E+12,39181.01,39700,37351,38795.69,84363.67976,1976357
2/7/2021 19:00,1.61274E+12,38795.69,46794.45,37988.89,46374.87,138597.5369,3230961
2/8/2021 19:00,1.61283E+12,46374.86,48142.19,44961.09,46420.42,115499.8617,3119034
2/9/2021 19:00,1.61292E+12,46420.42,47310,43727,44807.58,97154.1822,2891592
2/10/2021 19:00,1.613E+12,44807.58,48678.9,43994.02,47969.51,89561.08145,2570949
2/11/2021 19:00,1.61309E+12,47968.66,48985.8,46125,47287.6,85870.0357,2418841
2/12/2021 19:00,1.61317E+12,47298.15,48150,46202.53,47153.69,63768.0974,2058823
2/13/2021 19:00,1.61326E+12,47156.78,49707.43,47014.17,48577.79,73735.47553,2090070
2/14/2021 19:00,1.61335E+12,48580.47,49010.92,45570.79,47911.1,79398.15678,2313155
2/15/2021 19:00,1.61343E+12,47911.1,50689.18,47003.62,49133.45,88813.2663,2199849
2/16/2021 19:00,1.61352E+12,49133.45,52618.74,48947,52119.71,85743.63782,2514374
2/17/2021 19:00,1.61361E+12,52117.67,52530,50901.9,51552.6,60758.04695,1891592
2/18/2021 19:00,1.61369E+12,51552.61,56368,50710.2,55906,79659.77802,2339215
2/19/2021 19:00,1.61378E+12,55906,57700.46,53863.93,55841.19,80948.20531,2642846
2/20/2021 19:00,1.61387E+12,55841.19,58352.8,55477.59,57408.57,58166.70851,1950533
2/21/2021 19:00,1.61395E+12,57412.35,57508.47,47622,54087.67,134019.4349,3313083
2/22/2021 19:00,1.61404E+12,54087.67,54183.59,44892.56,48891,169375.0251,3825196
2/23/2021 19:00,1.61412E+12,48891,51374.99,46988.69,49676.2,91881.20925,2194532
2/24/2021 19:00,1.61421E+12,49676.21,52041.73,46674.34,47073.73,83310.67312,2305679
2/25/2021 19:00,1.6143E+12,47073.73,48424.11,44106.78,46276.87,109423.2007,2371766
2/26/2021 19:00,1.61438E+12,46276.88,48394,45000,46106.43,66060.83429,1757720
2/27/2021 19:00,1.61447E+12,46103.67,46638.46,43000,45135.66,83055.36904,1838345
2/28/2021 19:00,1.61456E+12,45134.11,49790,44950.53,49587.03,85086.11165,2147223
3/1/2021 19:00,1.61464E+12,49595.76,50200,47047.6,48440.65,64221.06214,1855583
3/2/2021 19:00,1.61473E+12,48436.61,52640,48100.71,50349.37,81035.91371,2242131
3/3/2021 19:00,1.61482E+12,50349.37,51773.88,47500,48374.09,82649.71683,2291936
3/4/2021 19:00,1.6149E+12,48374.09,49448.93,46300,48751.71,78192.49637,2054216
3/5/2021 19:00,1.61499E+12,48746.81,49200,47070,48882.2,44399.23424,1476474
3/6/2021 19:00,1.61508E+12,48882.2,51450.03,48882.2,50971.75,55235.02803,1758101
3/7/2021 19:00,1.61516E+12,50959.11,52402.78,49274.67,52375.17,66987.35966,1999401
3/8/2021 19:00,1.61525E+12,52375.18,54895,51789.41,54884.5,71656.73708,2194398
3/9/2021 19:00,1.61533E+12,54874.67,57387.69,53005,55851.59,84749.23894,2647284
3/10/2021 19:00,1.61542E+12,55851.59,58150,54272.82,57773.16,81914.81286,2509970
3/11/2021 19:00,1.61551E+12,57773.15,58081.51,54962.84,57221.72,73405.40605,2489931
3/12/2021 19:00,1.61559E+12,57221.72,61844,56078.23,61188.39,83245.09135,2559002
3/13/2021 19:00,1.61568E+12,61188.38,61724.79,58966.78,58968.31,52601.05275,1829769
3/14/2021 19:00,1.61577E+12,58976.08,60633.43,54600,55605.2,102771.4273,2683815
3/15/2021 19:00,1.61585E+12,55605.2,56938.29,53271.34,56900.75,77986.69436,2241208
3/16/2021 19:00,1.61594E+12,56900.74,58974.73,54123.69,58912.97,70421.62084,2204296
3/17/2021 19:00,1.61603E+12,58912.97,60129.97,57023,57648.16,66580.40668,2040947
3/18/2021 19:00,1.61611E+12,57641,59468,56270.74,58030.01,52392.65296,1885830
3/19/2021 19:00,1.6162E+12,58030.01,59880,57820.17,58102.28,44476.94178,1724131
3/20/2021 19:00,1.61628E+12,58100.02,58589.1,55450.11,57351.56,48564.47027,1773546
3/21/2021 19:00,1.61637E+12,57351.56,58430.73,53650,54083.25,62581.62617,1927345
3/22/2021 19:00,1.61646E+12,54083.25,55830.9,53000,54340.89,59789.36543,1740349
3/23/2021 19:00,1.61654E+12,54342.8,57200,51700,52303.65,83537.46502,2401988
3/24/2021 19:00,1.61663E+12,52303.66,53287,50427.56,51293.78,87400.53454,2099425
3/25/2021 19:00,1.61672E+12,51293.78,55073.46,51214.6,55025.59,63813.77469,1773150
3/26/2021 19:00,1.6168E+12,55025.59,56700.36,53950,55817.14,50105.47506,1528776
3/27/2021 19:00,1.61689E+12,55817.14,56559.75,54691.84,55777.63,39050.38751,1551283
3/28/2021 19:00,1.61698E+12,55777.65,58405.82,54800.01,57635.47,67857.9374,1983437
3/29/2021 19:00,1.61706E+12,57635.46,59368,57071.35,58746.57,55122.44312,1612744
3/30/2021 19:00,1.61715E+12,58746.57,59800,56769,58740.55,60975.54267,1928224
3/31/2021 19:00,1.61724E+12,58739.46,59490,57935.45,58720.44,47415.61722,1594431
4/1/2021 19:00,1.61732E+12,58720.45,60200,58428.57,58950.01,47382.41878,1666356
4/2/2021 19:00,1.61741E+12,58950.01,59791.72,56880,57051.94,47409.85211,1606805
4/3/2021 19:00,1.61749E+12,57051.95,58492.85,56388,58202.01,41314.08197,1499113
4/4/2021 19:00,1.61758E+12,58202.01,59272,56777.77,59129.99,54258.01579,2035877
4/5/2021 19:00,1.61767E+12,59129.99,59495.24,57413.02,57991.15,54201.00073,1960513
4/6/2021 19:00,1.61775E+12,57990.03,58655,55473,55953.45,71228.40566,2206433
4/7/2021 19:00,1.61784E+12,55953.44,58153.31,55700,58077.52,44283.14702,1661080
4/8/2021 19:00,1.61793E+12,58077.52,58894.9,57654,58142.54,40831.88491,1615962
4/9/2021 19:00,1.61801E+12,58142.55,61500,57900.01,59769.13,69906.42412,2470398
4/10/2021 19:00,1.6181E+12,59769.13,60699,59232.52,60002.43,41156.71539,1746102
4/11/2021 19:00,1.61819E+12,59998.8,61300,59350.59,59860,56375.03712,1806298
4/12/2021 19:00,1.61827E+12,59860.01,63777.77,59805.15,63575,82848.68875,2703735
4/13/2021 19:00,1.61836E+12,63575.01,64854,61301,62959.53,82616.34399,2645625
4/14/2021 19:00,1.61844E+12,62959.53,63800,62020,63159.98,51649.70034,1938028
4/15/2021 19:00,1.61853E+12,63158.74,63520.61,60000,61334.8,91764.13988,2639940
4/16/2021 19:00,1.61862E+12,61334.81,62506.05,59580.91,60006.66,58912.25613,2268816
4/17/2021 19:00,1.6187E+12,60006.67,60499,50931.3,56150.01,124882.1318,3444089
4/18/2021 19:00,1.61879E+12,56150.01,57526.81,54221.58,55633.14,78229.04227,2390527
4/19/2021 19:00,1.61888E+12,55633.14,57076.24,53329.96,56425,72744.48215,2148820
